seed,variant,n_features,calibration,best_iteration,threshold,prevalence,accuracy,recall,precision,specificity,f1,f2,roc_auc,pr_auc,brier,ece,fp_per_tp,tp,fp,tn,fn
42,full_55,55,isotonic,207,0.0833555703802535,0.042491605881671876,0.8302998726409633,0.6166212534059945,0.1458776510023851,0.839782345828295,0.23593807016629303,0.37475573808498663,0.8323031425756732,0.18595030201253143,0.037059688805650186,0.0009913066290989786,5.85505965532479,2263,13250,69450,1407
42,minus_A,50,isotonic,240,0.09262841894596398,0.042491605881671876,0.8376288062984832,0.5899182561307902,0.14743938981204033,0.848621523579202,0.23591587664814212,0.36864868546519547,0.8289026388014853,0.1819600928526416,0.03723265435747951,0.0005881429874836782,5.782448036951501,2165,12519,70181,1505
42,minus_AB,41,isotonic,128,0.062028018679119404,0.042491605881671876,0.7864883640152831,0.6599455040871934,0.12347693092021413,0.7921039903264813,0.20803092119390165,0.3531126986441172,0.8111508489039864,0.1630114415873157,0.03771730648773148,0.0012204310519657877,7.098678777869529,2422,17193,65507,1248
42,minus_ABC,37,isotonic,155,0.07408272181454302,0.042491605881671876,0.8113928447377562,0.6098092643051771,0.13090781469349555,0.8203385731559855,0.21554464027737646,0.3521525679758308,0.8108732492281943,0.16238943994221605,0.037712093715380965,0.00109186127579661,6.638963360142985,2238,14858,67842,1432
7,full_55,55,isotonic,172,0.06573715810540359,0.042491605881671876,0.7778626838022461,0.7264305177111716,0.12787797390636993,0.7801451027811367,0.21747287706990787,0.37519702769646474,0.8339584905225217,0.18859501936112466,0.037111986114341085,0.0009045453430789093,6.819954988747186,2666,18182,64518,1004
7,minus_A,50,isotonic,200,0.06666444296197464,0.042491605881671876,0.8100960981822392,0.6599455040871934,0.13780154756486118,0.8167593712212817,0.2279958580438671,0.37543402777777785,0.8297151896648864,0.1791494446934555,0.03728753148664407,0.0012564904311377953,6.256812551610239,2422,15154,67546,1248
7,minus_AB,41,isotonic,163,0.05878252168112074,0.042491605881671876,0.8020956350584694,0.632425068119891,0.12848048712980903,0.8096251511487303,0.21357257878997013,0.3544052527103375,0.8135374469949821,0.1642167776276311,0.03773900730952978,0.001058872369678357,6.783283067643257,2321,15744,66956,1349
7,minus_ABC,37,isotonic,200,0.06898265510340226,0.042491605881671876,0.7819844853537108,0.6659400544959128,0.1219074221867518,0.7871342200725514,0.20608820305253395,0.35187744759272055,0.8133778899472502,0.16441973385906017,0.03774756773714391,0.0009468095791516412,7.202945990180033,2444,17604,65096,1226
123,full_55,55,isotonic,338,0.08289192795196798,0.042491605881671876,0.8354868588630311,0.626158038147139,0.15183349851337957,0.844776299879081,0.2444030842860941,0.3853764883447929,0.8367434458286246,0.18635950121126474,0.0370698629334631,0.00127709721243371,5.5861618798955615,2298,12837,69863,1372
123,minus_A,50,isotonic,233,0.07269179452968645,0.042491605881671876,0.8308093087877735,0.6160762942779292,0.1462010992563854,0.8403385731559855,0.23632087797230208,0.37502073312323775,0.8318723184485468,0.17879561305313665,0.037262728670482206,0.0012013838766272125,5.839893852277753,2261,13204,69496,1409
123,minus_AB,41,isotonic,235,0.07269179452968645,0.042491605881671876,0.8098298020145884,0.6179836512261581,0.13116650280492742,0.8183434099153567,0.21640188922284245,0.35469644365205966,0.8177098866919926,0.16896976893691917,0.03761043962413809,0.0009779017734792268,6.62389770723104,2268,15023,67677,1402
123,minus_ABC,37,isotonic,221,0.07408272181454302,0.042491605881671876,0.8196480259349311,0.5942779291553133,0.13405863912963303,0.8296493349455865,0.21876724008225087,0.3523538724999192,0.8160463725952114,0.16911446515982698,0.03764106834819624,0.0011410342814191859,6.4594222833562585,2181,14088,68612,1489
2024,full_55,55,isotonic,257,0.09077384923282188,0.042491605881671876,0.8371772606229014,0.6079019073569483,0.15018512285425784,0.8473518742442564,0.24086369770580296,0.37768748941933306,0.8307990883301649,0.1899608688907261,0.037065183063560915,0.0010473632401776466,5.658449125952488,2231,12624,70076,1439
2024,minus_A,50,isotonic,233,0.08011007338225483,0.042491605881671876,0.8381035081625564,0.5863760217983651,0.14722583293425465,0.8492744860943168,0.23535845135888886,0.3672730996347749,0.8242790493856855,0.17951673909645888,0.037331854089667715,0.0025676456525330848,5.79228624535316,2152,12465,70235,1518
2024,minus_AB,41,isotonic,249,0.06295530353569045,0.042491605881671876,0.7551233067037165,0.6869209809264305,0.11193499689192789,0.7581499395405079,0.19250152718387295,0.3388258695769045,0.8071628188949915,0.16322957547577094,0.037793597908436054,0.0019341527191694863,7.9337564458548195,2521,20001,62699,1149
2024,minus_ABC,37,isotonic,246,0.06480987324883256,0.042491605881671876,0.8053490795415075,0.6076294277929155,0.12669014884672197,0.8141233373639661,0.20966528770214368,0.3453937178613469,0.8061928196527944,0.16358679386529873,0.037785219442212185,0.0017401135199894607,6.893273542600896,2230,15372,67328,1440
99,full_55,55,isotonic,290,0.06620080053368912,0.042491605881671876,0.8475628111612828,0.5893732970027248,0.15648965417450442,0.8590205562273276,0.2473130573976675,0.379447056346923,0.8352024421022112,0.18474088047318699,0.03710903654516546,0.002107853185767192,5.390198797965788,2163,11659,71041,1507
99,minus_A,50,isotonic,210,0.07593729152768512,0.042491605881671876,0.8452356142178997,0.5673024523160763,0.15020561287064427,0.8575695284159613,0.2375221037020136,0.36473844644546444,0.8290603853592481,0.1771806496258839,0.0373898337785983,0.0021492189784387944,5.657540826128723,2082,11779,70921,1588
99,minus_AB,41,isotonic,200,0.07083722481654436,0.042491605881671876,0.7718189186059975,0.6803814713896458,0.11872384937238493,0.7758766626360338,0.20216986478827625,0.34960237455197135,0.814059004840054,0.16416558742533313,0.03779350723871797,0.001491731220827606,7.422907488986784,2497,18535,64165,1173
99,minus_ABC,37,isotonic,193,0.06990993995997331,0.042491605881671876,0.7810235035313188,0.6517711171662125,0.11943875767713587,0.7867593712212817,0.20188209477992997,0.3445990722332671,0.8119423592051637,0.16040654339953767,0.03785818607887668,0.001682350933810443,7.372491638795987,2392,17635,65065,1278
