pipeline,kind,prevalence,accuracy,recall,precision,specificity,f1,f2,roc_auc,pr_auc,brier,ece
"C1: t=0.5, no calibration",actual,0.0489,0.9414,0.06,0.1946,0.9867,0.091,0.0694,0.8008,0.1586,0.0502,0.0418
"C1: t=0.5, no calibration",reported,0.0489,0.9399,0.0625,0.1664,0.985,0.0895,0.071,0.7932,0.1521,0.0505,0.0416
C2: C1 + threshold tuned on test,actual,0.0489,0.8673,0.369,0.1646,0.8929,0.2063,0.2686,0.8008,0.1586,0.0502,0.0418
C2: C1 + threshold tuned on test,reported,0.0489,0.8721,0.4275,0.2008,0.8949,0.2526,0.3221,0.7932,0.1521,0.0505,0.0416
"C3: SMOTE before split, t=0.5",actual,0.0489,0.922,0.121,0.1439,0.9632,0.1308,0.1247,0.784,0.1317,0.0613,0.0553
"C3: SMOTE before split, t=0.5",reported,0.5,0.9583,0.955,0.9614,0.9616,0.9582,0.9563,0.9922,0.9932,0.0316,0.0151
C4: C3 + threshold tuned on test,actual,0.0489,0.9249,0.101,0.1384,0.9673,0.1145,0.1056,0.784,0.1317,0.0613,0.0553
C4: C3 + threshold tuned on test,reported,0.5,0.9614,0.9532,0.9692,0.9696,0.9611,0.9563,0.9922,0.9932,0.0316,0.0151
"C5 (control): SMOTE on train only, t=0.5",actual,0.0489,0.9253,0.104,0.1399,0.9675,0.1186,0.1093,0.7825,0.1301,0.0596,0.0532
"C5 (control): SMOTE on train only, t=0.5",reported,0.0489,0.9237,0.1075,0.1381,0.9657,0.1194,0.1117,0.7835,0.1306,0.0605,0.055
R: paper pipeline,actual,0.0489,0.8002,0.656,0.1527,0.8076,0.2454,0.3892,0.8202,0.1621,0.0449,0.016
