dataset,seed,pipeline,kind,threshold,prevalence,accuracy,recall,precision,specificity,f1,f2,roc_auc,pr_auc,brier,ece,fp_per_tp,tp,fp,tn,fn
kaggle,0,R: paper pipeline,actual,0.06805537024683123,0.04892367906066536,0.8072407045009785,0.56,0.13793103448275862,0.8199588477366255,0.22134387351778653,0.34739454094292804,0.8030967078189301,0.13575152937884197,0.04419076282200497,0.01302686035396156,6.25,28,175,797,22
kaggle,0,"C1: t=0.5, no calibration",reported,0.5,0.0488997555012225,0.9376528117359413,0.125,0.23809523809523808,0.9794344473007712,0.16393442622950818,0.13812154696132597,0.80176735218509,0.17282572784486744,0.04934272824688427,0.03850253546433816,3.2,5,16,762,35
kaggle,0,"C1: t=0.5, no calibration",actual,0.5,0.04892367906066536,0.9412915851272016,0.06,0.1875,0.9866255144032922,0.09090909090909091,0.06944444444444443,0.779320987654321,0.1502128535885897,0.049966953779788464,0.03976731096572941,4.333333333333333,3,13,959,47
kaggle,0,C2: C1 + threshold tuned on test,reported,0.1593929286190794,0.0488997555012225,0.910757946210269,0.4,0.24615384615384617,0.9370179948586118,0.3047619047619048,0.35555555555555557,0.80176735218509,0.17282572784486744,0.04934272824688427,0.03850253546433816,3.0625,16,49,729,24
kaggle,0,C2: C1 + threshold tuned on test,actual,0.1593929286190794,0.04892367906066536,0.9129158512720157,0.2,0.1694915254237288,0.9495884773662552,0.1834862385321101,0.19305019305019305,0.779320987654321,0.1502128535885897,0.049966953779788464,0.03976731096572941,4.9,10,49,923,40
kaggle,0,"C3: SMOTE before split, t=0.5",reported,0.5,0.5,0.961439588688946,0.9537275064267352,0.9686684073107049,0.9691516709511568,0.9611398963730569,0.9566787003610108,0.993185017281144,0.9940120261049173,0.029350634226108212,0.014361400524217709,0.03234501347708895,742,24,754,36
kaggle,0,"C3: SMOTE before split, t=0.5",actual,0.5,0.04892367906066536,0.9227005870841487,0.1,0.1282051282051282,0.9650205761316872,0.11235955056179775,0.10460251046025104,0.7695679012345679,0.1212110038598081,0.06036086040979031,0.05076530928714337,6.8,5,34,938,45
kaggle,0,C4: C3 + threshold tuned on test,reported,0.5641527685123415,0.5,0.9659383033419023,0.9511568123393316,0.9801324503311258,0.980719794344473,0.9654272667971298,0.95681406775278,0.993185017281144,0.9940120261049173,0.029350634226108212,0.014361400524217709,0.02027027027027027,740,15,763,38
kaggle,0,C4: C3 + threshold tuned on test,actual,0.5641527685123415,0.04892367906066536,0.9305283757338552,0.06,0.1111111111111111,0.9753086419753086,0.07792207792207792,0.06607929515418502,0.7695679012345679,0.1212110038598081,0.06036086040979031,0.05076530928714337,8.0,3,24,948,47
kaggle,0,"C5 (control): SMOTE on train only, t=0.5",reported,0.5,0.0488997555012225,0.9229828850855746,0.05,0.07407407407407407,0.967866323907455,0.05970149253731344,0.053475935828877004,0.7786632390745502,0.11957798707985068,0.05872299969753422,0.048084438696248864,12.5,2,25,753,38
kaggle,0,"C5 (control): SMOTE on train only, t=0.5",actual,0.5,0.04892367906066536,0.9207436399217221,0.06,0.08108108108108109,0.9650205761316872,0.06896551724137931,0.06329113924050633,0.7629012345679012,0.11784086714731903,0.05924684291576236,0.04981646043272634,11.333333333333334,3,34,938,47
kaggle,1,R: paper pipeline,actual,0.059246164109406266,0.04892367906066536,0.8199608610567515,0.58,0.15104166666666666,0.8323045267489712,0.23966942148760328,0.3698979591836734,0.7951748971193415,0.134695623946574,0.044915139113219114,0.018729948723932945,5.620689655172414,29,163,809,21
kaggle,1,"C1: t=0.5, no calibration",reported,0.5,0.0488997555012225,0.9352078239608802,0.075,0.15789473684210525,0.9794344473007712,0.10169491525423728,0.08379888268156425,0.764620822622108,0.12095707350310372,0.05526517216480722,0.05374722383465509,5.333333333333333,3,16,762,37
kaggle,1,"C1: t=0.5, no calibration",actual,0.5,0.04892367906066536,0.9363992172211351,0.04,0.10526315789473684,0.9825102880658436,0.057971014492753624,0.04566210045662101,0.7705761316872428,0.1292291632309284,0.05309622722949895,0.04525916332286901,8.5,2,17,955,48
kaggle,1,C2: C1 + threshold tuned on test,reported,0.01890927284856571,0.0488997555012225,0.8031784841075794,0.575,0.1377245508982036,0.8149100257069408,0.22222222222222224,0.35168195718654427,0.764620822622108,0.12095707350310372,0.05526517216480722,0.05374722383465509,6.260869565217392,23,144,634,17
kaggle,1,C2: C1 + threshold tuned on test,actual,0.01890927284856571,0.04892367906066536,0.7925636007827789,0.54,0.125,0.8055555555555556,0.20300751879699247,0.3245192307692308,0.7705761316872428,0.1292291632309284,0.05309622722949895,0.04525916332286901,7.0,27,189,783,23
kaggle,1,"C3: SMOTE before split, t=0.5",reported,0.5,0.5,0.9543701799485861,0.9498714652956298,0.9584954604409858,0.9588688946015425,0.9541639767591995,0.9515838269379344,0.9920615777056722,0.9930592207722083,0.033092910755409585,0.012594093679876881,0.04330175913396482,739,32,746,39
kaggle,1,"C3: SMOTE before split, t=0.5",actual,0.5,0.04892367906066536,0.9187866927592955,0.14,0.14893617021276595,0.9588477366255144,0.1443298969072165,0.1417004048582996,0.7570781893004115,0.10911881943628428,0.06621169754493374,0.06306640642268699,5.714285714285714,7,40,932,43
kaggle,1,C4: C3 + threshold tuned on test,reported,0.561834556370914,0.5,0.9569408740359897,0.9473007712082262,0.9659239842726082,0.9665809768637532,0.9565217391304348,0.9509677419354838,0.9920615777056722,0.9930592207722083,0.033092910755409585,0.012594093679876881,0.035278154681139755,737,26,752,41
kaggle,1,C4: C3 + threshold tuned on test,actual,0.561834556370914,0.04892367906066536,0.9227005870841487,0.1,0.1282051282051282,0.9650205761316872,0.11235955056179775,0.10460251046025104,0.7570781893004115,0.10911881943628428,0.06621169754493374,0.06306640642268699,6.8,5,34,938,45
kaggle,1,"C5 (control): SMOTE on train only, t=0.5",reported,0.5,0.0488997555012225,0.9144254278728606,0.15,0.14285714285714285,0.9537275064267352,0.14634146341463414,0.14851485148514848,0.7699228791773779,0.13132551692447417,0.06530357088443242,0.06841869880199343,6.0,6,36,742,34
kaggle,1,"C5 (control): SMOTE on train only, t=0.5",actual,0.5,0.04892367906066536,0.9315068493150684,0.16,0.2222222222222222,0.9711934156378601,0.18604651162790697,0.16949152542372883,0.7517078189300411,0.1203958221818229,0.059665126740545756,0.06159448778714848,3.5,8,28,944,42
kaggle,2,R: paper pipeline,actual,0.06295530353569045,0.04892367906066536,0.8317025440313112,0.6,0.16483516483516483,0.8436213991769548,0.25862068965517243,0.3926701570680628,0.8276234567901233,0.16872979516182976,0.04322086442129788,0.012712835715154143,5.066666666666666,30,152,820,20
kaggle,2,"C1: t=0.5, no calibration",reported,0.5,0.0488997555012225,0.9437652811735942,0.025,0.125,0.9910025706940874,0.04166666666666667,0.02976190476190476,0.7635282776349614,0.12532730105649076,0.05030293179159586,0.043230220363352764,7.0,1,7,771,39
kaggle,2,"C1: t=0.5, no calibration",actual,0.5,0.04892367906066536,0.9363992172211351,0.02,0.058823529411764705,0.9835390946502057,0.02985074626865672,0.023041474654377878,0.8440534979423868,0.15657536455665297,0.05150992444699958,0.047323381647218145,16.0,1,16,956,49
kaggle,2,C2: C1 + threshold tuned on test,reported,0.012881921280853904,0.0488997555012225,0.784841075794621,0.65,0.13829787234042554,0.7917737789203085,0.22807017543859648,0.37356321839080464,0.7635282776349614,0.12532730105649076,0.05030293179159586,0.043230220363352764,6.230769230769231,26,162,616,14
kaggle,2,C2: C1 + threshold tuned on test,actual,0.012881921280853904,0.04892367906066536,0.7945205479452054,0.78,0.1638655462184874,0.7952674897119342,0.2708333333333333,0.44520547945205474,0.8440534979423868,0.15657536455665297,0.05150992444699958,0.047323381647218145,5.102564102564102,39,199,773,11
kaggle,2,"C3: SMOTE before split, t=0.5",reported,0.5,0.5,0.9543701799485861,0.9460154241645244,0.9620915032679739,0.9627249357326478,0.9539857420609202,0.949187516120712,0.9909596156514959,0.992255942806004,0.033766953935542694,0.019732652353696253,0.03940217391304348,736,29,749,42
kaggle,2,"C3: SMOTE before split, t=0.5",actual,0.5,0.04892367906066536,0.9217221135029354,0.12,0.14285714285714285,0.9629629629629629,0.13043478260869565,0.12396694214876032,0.8124074074074074,0.14080480214519608,0.05926306789753536,0.05049007963033316,6.0,6,36,936,44
kaggle,2,C4: C3 + threshold tuned on test,reported,0.6193262174783188,0.5,0.9575835475578406,0.9357326478149101,0.978494623655914,0.9794344473007712,0.9566360052562419,0.9439834024896266,0.9909596156514959,0.992255942806004,0.033766953935542694,0.019732652353696253,0.02197802197802198,728,16,762,50
kaggle,2,C4: C3 + threshold tuned on test,actual,0.6193262174783188,0.04892367906066536,0.9344422700587084,0.12,0.20689655172413793,0.9763374485596708,0.1518987341772152,0.13100436681222707,0.8124074074074074,0.14080480214519608,0.05926306789753536,0.05049007963033316,3.8333333333333335,6,23,949,44
kaggle,2,"C5 (control): SMOTE on train only, t=0.5",reported,0.5,0.0488997555012225,0.9303178484107579,0.05,0.09523809523809523,0.9755784061696658,0.0655737704918033,0.055248618784530384,0.7589974293059125,0.10562645184864729,0.059060845177518785,0.05595765598438663,9.5,2,19,759,38
kaggle,2,"C5 (control): SMOTE on train only, t=0.5",actual,0.5,0.04892367906066536,0.9227005870841487,0.16,0.17777777777777778,0.9619341563786008,0.16842105263157894,0.16326530612244897,0.8092592592592592,0.1367559038430245,0.061976774215357223,0.06047295162615266,4.625,8,37,935,42
kaggle,3,R: paper pipeline,actual,0.06341894596397597,0.04892367906066536,0.8532289628180039,0.48,0.16216216216216217,0.8724279835390947,0.2424242424242424,0.3448275862068966,0.7826028806584362,0.14355221423453804,0.04721261909290339,0.025274163402285273,5.166666666666667,24,124,848,26
kaggle,3,"C1: t=0.5, no calibration",reported,0.5,0.0488997555012225,0.9462102689486552,0.075,0.3,0.9910025706940874,0.12,0.08823529411764705,0.8162275064267351,0.20492801766393648,0.04643966683204999,0.03788393081271082,2.3333333333333335,3,7,771,37
kaggle,3,"C1: t=0.5, no calibration",actual,0.5,0.04892367906066536,0.9422700587084148,0.06,0.2,0.9876543209876543,0.09230769230769231,0.0697674418604651,0.7623045267489712,0.14327075363382746,0.05037966648581277,0.04421372721174755,4.0,3,12,960,47
kaggle,3,C2: C1 + threshold tuned on test,reported,0.06156437625083388,0.0488997555012225,0.8863080684596577,0.4,0.18823529411764706,0.9113110539845758,0.256,0.326530612244898,0.8162275064267351,0.20492801766393648,0.04643966683204999,0.03788393081271082,4.3125,16,69,709,24
kaggle,3,C2: C1 + threshold tuned on test,actual,0.06156437625083388,0.04892367906066536,0.87279843444227,0.3,0.13636363636363635,0.9022633744855967,0.18749999999999997,0.24193548387096772,0.7623045267489712,0.14327075363382746,0.05037966648581277,0.04421372721174755,6.333333333333333,15,95,877,35
kaggle,3,"C3: SMOTE before split, t=0.5",reported,0.5,0.5,0.9627249357326478,0.9550128534704371,0.9699738903394256,0.9704370179948586,0.9624352331606217,0.9579680247550284,0.9940061194414522,0.9947053016207819,0.02821075248770081,0.010885776043660854,0.03095558546433378,743,23,755,35
kaggle,3,"C3: SMOTE before split, t=0.5",actual,0.5,0.04892367906066536,0.9324853228962818,0.1,0.1724137931034483,0.9753086419753086,0.1265822784810127,0.1091703056768559,0.7678189300411522,0.14734281280149192,0.05383083774094114,0.04459814843084953,4.8,5,24,948,45
kaggle,3,C4: C3 + threshold tuned on test,reported,0.4811607738492328,0.5,0.9640102827763496,0.9575835475578406,0.9700520833333334,0.9704370179948586,0.9637774902975421,0.9600515463917524,0.9940061194414522,0.9947053016207819,0.02821075248770081,0.010885776043660854,0.03087248322147651,745,23,755,33
kaggle,3,C4: C3 + threshold tuned on test,actual,0.4811607738492328,0.04892367906066536,0.9305283757338552,0.1,0.16129032258064516,0.9732510288065843,0.12345679012345678,0.10822510822510822,0.7678189300411522,0.14734281280149192,0.05383083774094114,0.04459814843084953,5.2,5,26,946,45
kaggle,3,"C5 (control): SMOTE on train only, t=0.5",reported,0.5,0.0488997555012225,0.9315403422982885,0.1,0.16666666666666666,0.974293059125964,0.125,0.10869565217391304,0.8419023136246786,0.17109036301520752,0.05268328109378129,0.04168817054612552,5.0,4,20,758,36
kaggle,3,"C5 (control): SMOTE on train only, t=0.5",actual,0.5,0.04892367906066536,0.9315068493150684,0.1,0.16666666666666666,0.9742798353909465,0.125,0.10869565217391304,0.7536213991769547,0.12395923536616152,0.05630986623409412,0.05028636964681122,5.0,5,25,947,45
kaggle,4,R: paper pipeline,actual,0.07408272181454302,0.04892367906066536,0.7328767123287672,0.84,0.13680781758957655,0.727366255144033,0.23529411764705885,0.4142011834319526,0.8511419753086419,0.2191627554220724,0.04111356804858341,0.012078450385794595,6.309523809523809,42,265,707,8
kaggle,4,"C1: t=0.5, no calibration",reported,0.5,0.0488997555012225,0.9437652811735942,0.025,0.125,0.9910025706940874,0.04166666666666667,0.02976190476190476,0.80530205655527,0.1762671840213286,0.04589980720003714,0.03376201176706395,7.0,1,7,771,39
kaggle,4,"C1: t=0.5, no calibration",actual,0.5,0.04892367906066536,0.9393346379647749,0.06,0.16666666666666666,0.9845679012345679,0.08823529411764705,0.06880733944954129,0.8045679012345679,0.13572789351786538,0.05243475642511123,0.04039944366089024,5.0,3,15,957,47
kaggle,4,C2: C1 + threshold tuned on test,reported,0.16727484989993327,0.0488997555012225,0.9303178484107579,0.3,0.2926829268292683,0.9627249357326478,0.2962962962962963,0.2985074626865672,0.80530205655527,0.1762671840213286,0.04589980720003714,0.03376201176706395,2.4166666666666665,12,29,749,28
kaggle,4,C2: C1 + threshold tuned on test,actual,0.16727484989993327,0.04892367906066536,0.9119373776908023,0.16,0.14285714285714285,0.9506172839506173,0.15094339622641512,0.15624999999999997,0.8045679012345679,0.13572789351786538,0.05243475642511123,0.04039944366089024,6.0,8,48,924,42
kaggle,4,"C3: SMOTE before split, t=0.5",reported,0.5,0.5,0.9595115681233933,0.9498714652956298,0.9685452162516383,0.9691516709511568,0.9591174561972745,0.953548387096774,0.9923936532272456,0.9932916804312654,0.03123977981654724,0.007019963885708649,0.03247631935047361,739,24,754,39
kaggle,4,"C3: SMOTE before split, t=0.5",actual,0.5,0.04892367906066536,0.9148727984344422,0.06,0.06976744186046512,0.9588477366255144,0.06451612903225805,0.0617283950617284,0.7567901234567901,0.10013197720640957,0.06830438819659568,0.06414119960345109,13.333333333333334,3,40,932,47
kaggle,4,C4: C3 + threshold tuned on test,reported,0.38425950633755834,0.5,0.9607969151670951,0.9627249357326478,0.9590268886043534,0.9588688946015425,0.9608723540731238,0.9619830464937067,0.9923936532272456,0.9932916804312654,0.03123977981654724,0.007019963885708649,0.042723631508678236,749,32,746,29
kaggle,4,C4: C3 + threshold tuned on test,actual,0.38425950633755834,0.04892367906066536,0.8894324853228963,0.08,0.056338028169014086,0.9310699588477366,0.06611570247933884,0.07380073800738007,0.7567901234567901,0.10013197720640957,0.06830438819659568,0.06414119960345109,16.75,4,67,905,46
kaggle,4,"C5 (control): SMOTE on train only, t=0.5",reported,0.5,0.0488997555012225,0.9315403422982885,0.175,0.23333333333333334,0.9704370179948586,0.2,0.18421052631578946,0.8030205655526992,0.14731240862958564,0.0563387430231193,0.04905217658351453,3.2857142857142856,7,23,755,33
kaggle,4,"C5 (control): SMOTE on train only, t=0.5",actual,0.5,0.04892367906066536,0.9168297455968689,0.06,0.07317073170731707,0.9609053497942387,0.06593406593406592,0.06224066390041494,0.7383333333333333,0.10550650262976054,0.06445145589160312,0.059198064005028445,12.666666666666666,3,38,934,47
kaggle,5,R: paper pipeline,actual,0.04116410940627084,0.04892367906066536,0.8454011741682974,0.54,0.16666666666666666,0.8611111111111112,0.25471698113207547,0.37292817679558016,0.7932098765432098,0.14006339067270765,0.04397456568174328,0.01445654477300341,5.0,27,135,837,23
kaggle,5,"C1: t=0.5, no calibration",reported,0.5,0.0488997555012225,0.9462102689486552,0.1,0.3333333333333333,0.9897172236503856,0.15384615384615383,0.11627906976744186,0.8090295629820051,0.21728121072442186,0.044859075681543965,0.028020535261824308,2.0,4,8,770,36
kaggle,5,"C1: t=0.5, no calibration",actual,0.5,0.04892367906066536,0.9412915851272016,0.06,0.1875,0.9866255144032922,0.09090909090909091,0.06944444444444443,0.7982921810699588,0.16565868432404407,0.05025082586380091,0.04026694263936955,4.333333333333333,3,13,959,47
kaggle,5,C2: C1 + threshold tuned on test,reported,0.25907605070046696,0.0488997555012225,0.9376528117359413,0.275,0.3333333333333333,0.9717223650385605,0.3013698630136986,0.28497409326424866,0.8090295629820051,0.21728121072442186,0.044859075681543965,0.028020535261824308,2.0,11,22,756,29
kaggle,5,C2: C1 + threshold tuned on test,actual,0.25907605070046696,0.04892367906066536,0.9246575342465754,0.14,0.17073170731707318,0.9650205761316872,0.15384615384615385,0.14522821576763487,0.7982921810699588,0.16565868432404407,0.05025082586380091,0.04026694263936955,4.857142857142857,7,34,938,43
kaggle,5,"C3: SMOTE before split, t=0.5",reported,0.5,0.5,0.9595115681233933,0.9601542416452442,0.9589216944801027,0.9588688946015425,0.9595375722543352,0.9599074787972243,0.9913561237369565,0.9928004433151062,0.031707459132016926,0.022148644262507365,0.0428380187416332,747,32,746,31
kaggle,5,"C3: SMOTE before split, t=0.5",actual,0.5,0.04892367906066536,0.9148727984344422,0.1,0.10638297872340426,0.9567901234567902,0.10309278350515465,0.10121457489878542,0.7841563786008231,0.1285716508999379,0.062184911035638855,0.05489649380411733,8.4,5,42,930,45
kaggle,5,C4: C3 + threshold tuned on test,reported,0.6276717811874583,0.5,0.9646529562982005,0.9537275064267352,0.9750328515111695,0.9755784061696658,0.9642625081221572,0.9579137619416473,0.9913561237369565,0.9928004433151062,0.031707459132016926,0.022148644262507365,0.025606469002695417,742,19,759,36
kaggle,5,C4: C3 + threshold tuned on test,actual,0.6276717811874583,0.04892367906066536,0.9305283757338552,0.08,0.13793103448275862,0.9742798353909465,0.10126582278481013,0.08733624454148474,0.7841563786008231,0.1285716508999379,0.062184911035638855,0.05489649380411733,6.25,4,25,947,46
kaggle,5,"C5 (control): SMOTE on train only, t=0.5",reported,0.5,0.0488997555012225,0.910757946210269,0.05,0.05405405405405406,0.9550128534704371,0.05194805194805195,0.050761421319796954,0.7892030848329049,0.12926141416134365,0.06194452714956091,0.05009640042888234,17.5,2,35,743,38
kaggle,5,"C5 (control): SMOTE on train only, t=0.5",actual,0.5,0.04892367906066536,0.9197651663405088,0.06,0.07894736842105263,0.9639917695473251,0.06818181818181818,0.06302521008403363,0.8004115226337448,0.12851645454064722,0.058463866412174915,0.05030294707374057,11.666666666666666,3,35,937,47
kaggle,6,R: paper pipeline,actual,0.12183789192795196,0.04892367906066536,0.8620352250489237,0.52,0.18181818181818182,0.8796296296296297,0.2694300518134715,0.37900874635568516,0.8428806584362141,0.18694722688358606,0.0425176142681,0.013663857856331618,4.5,26,117,855,24
kaggle,6,"C1: t=0.5, no calibration",reported,0.5,0.0488997555012225,0.9303178484107579,0.025,0.05263157894736842,0.9768637532133676,0.03389830508474576,0.02793296089385475,0.8131105398457583,0.1353518749678389,0.05381232120350698,0.0498577649067882,18.0,1,18,760,39
kaggle,6,"C1: t=0.5, no calibration",actual,0.5,0.04892367906066536,0.9471624266144814,0.04,0.25,0.9938271604938271,0.06896551724137932,0.04807692307692308,0.7997325102880659,0.1481928879293375,0.048025219673928705,0.03744703371419095,3.0,2,6,966,48
kaggle,6,C2: C1 + threshold tuned on test,reported,0.00870913942628419,0.0488997555012225,0.7542787286063569,0.725,0.1324200913242009,0.7557840616966581,0.2239382239382239,0.38258575197889183,0.8131105398457583,0.1353518749678389,0.05381232120350698,0.0498577649067882,6.551724137931035,29,190,588,11
kaggle,6,C2: C1 + threshold tuned on test,actual,0.00870913942628419,0.04892367906066536,0.7211350293542075,0.7,0.11475409836065574,0.7222222222222222,0.1971830985915493,0.3465346534653465,0.7997325102880659,0.1481928879293375,0.048025219673928705,0.03744703371419095,7.714285714285714,35,270,702,15
kaggle,6,"C3: SMOTE before split, t=0.5",reported,0.5,0.5,0.9601542416452442,0.9473007712082262,0.9722955145118733,0.9730077120822622,0.9596354166666667,0.9521963824289407,0.9914849888647314,0.9927941647830063,0.030892097172529765,0.023786425387269043,0.028493894165535955,737,21,757,41
kaggle,6,"C3: SMOTE before split, t=0.5",actual,0.5,0.04892367906066536,0.923679060665362,0.18,0.1956521739130435,0.9619341563786008,0.18749999999999997,0.18292682926829265,0.7736625514403292,0.13816605173919932,0.05968454488216066,0.054938394593965496,4.111111111111111,9,37,935,41
kaggle,6,C4: C3 + threshold tuned on test,reported,0.6049533022014676,0.5,0.9633676092544987,0.9408740359897172,0.9851951547779273,0.9858611825192802,0.9625246548323472,0.9494163424124512,0.9914849888647314,0.9927941647830063,0.030892097172529765,0.023786425387269043,0.015027322404371584,732,11,767,46
kaggle,6,C4: C3 + threshold tuned on test,actual,0.6049533022014676,0.04892367906066536,0.9383561643835616,0.12,0.24,0.9804526748971193,0.16,0.1333333333333333,0.7736625514403292,0.13816605173919932,0.05968454488216066,0.054938394593965496,3.1666666666666665,6,19,953,44
kaggle,6,"C5 (control): SMOTE on train only, t=0.5",reported,0.5,0.0488997555012225,0.9376528117359413,0.2,0.2962962962962963,0.9755784061696658,0.23880597014925375,0.21390374331550802,0.799646529562982,0.1585946055148872,0.05361353079772015,0.04559100032435068,2.375,8,19,759,32
kaggle,6,"C5 (control): SMOTE on train only, t=0.5",actual,0.5,0.04892367906066536,0.9344422700587084,0.1,0.18518518518518517,0.977366255144033,0.12987012987012986,0.11013215859030837,0.7902674897119342,0.13393092885012053,0.05559518925703939,0.0483195122018285,4.4,5,22,950,45
kaggle,7,R: paper pipeline,actual,0.06898265510340226,0.04892367906066536,0.7974559686888454,0.76,0.1630901287553648,0.7993827160493827,0.2685512367491166,0.43879907621247105,0.8420679012345679,0.1833045992687199,0.04588416332887714,0.01523501487765935,5.131578947368421,38,195,777,12
kaggle,7,"C1: t=0.5, no calibration",reported,0.5,0.0488997555012225,0.9376528117359413,0.0,0.0,0.9858611825192802,0.0,0.0,0.7894280205655526,0.1388550913158681,0.050373693631592886,0.03676756973556202,11.0,0,11,767,40
kaggle,7,"C1: t=0.5, no calibration",actual,0.5,0.04892367906066536,0.9412915851272016,0.08,0.2222222222222222,0.98559670781893,0.11764705882352941,0.09174311926605505,0.8177983539094651,0.17238910048533582,0.05019253113529436,0.04065150299899883,3.5,4,14,958,46
kaggle,7,C2: C1 + threshold tuned on test,reported,0.047655103402268174,0.0488997555012225,0.8545232273838631,0.475,0.1623931623931624,0.8740359897172236,0.24203821656050958,0.34296028880866425,0.7894280205655526,0.1388550913158681,0.050373693631592886,0.03676756973556202,5.157894736842105,19,98,680,21
kaggle,7,C2: C1 + threshold tuned on test,actual,0.047655103402268174,0.04892367906066536,0.8493150684931506,0.56,0.175,0.8641975308641975,0.26666666666666666,0.38888888888888895,0.8177983539094651,0.17238910048533582,0.05019253113529436,0.04065150299899883,4.714285714285714,28,132,840,22
kaggle,7,"C3: SMOTE before split, t=0.5",reported,0.5,0.5,0.9569408740359897,0.9665809768637532,0.9482976040353089,0.9473007712082262,0.957352005092298,0.9628681177976951,0.9932378850258722,0.9940559199666308,0.030422806078751793,0.014151929354052633,0.05452127659574468,752,41,737,26
kaggle,7,"C3: SMOTE before split, t=0.5",actual,0.5,0.04892367906066536,0.9187866927592955,0.12,0.13333333333333333,0.9598765432098766,0.12631578947368424,0.12244897959183672,0.7927572016460905,0.12747278421810193,0.06201191861104185,0.056808260040527137,6.5,6,39,933,44
kaggle,7,C4: C3 + threshold tuned on test,reported,0.5701801200800534,0.5,0.962082262210797,0.9627249357326478,0.9614890885750963,0.961439588688946,0.9621066152858061,0.9624775122076586,0.9932378850258722,0.9940559199666308,0.030422806078751793,0.014151929354052633,0.04005340453938585,749,30,748,29
kaggle,7,C4: C3 + threshold tuned on test,actual,0.5701801200800534,0.04892367906066536,0.9256360078277887,0.08,0.11764705882352941,0.9691358024691358,0.09523809523809526,0.08547008547008547,0.7927572016460905,0.12747278421810193,0.06201191861104185,0.056808260040527137,7.5,4,30,942,46
kaggle,7,"C5 (control): SMOTE on train only, t=0.5",reported,0.5,0.0488997555012225,0.9254278728606357,0.1,0.13793103448275862,0.967866323907455,0.11594202898550725,0.10582010582010584,0.7939910025706941,0.14533092337649478,0.05907034013548962,0.04209223599710014,6.25,4,25,753,36
kaggle,7,"C5 (control): SMOTE on train only, t=0.5",actual,0.5,0.04892367906066536,0.9227005870841487,0.12,0.14634146341463414,0.9639917695473251,0.13186813186813184,0.12448132780082988,0.7951851851851852,0.134252164146566,0.059444161093086825,0.04997773104200362,5.833333333333333,6,35,937,44
kaggle,8,R: paper pipeline,actual,0.11349232821881254,0.04892367906066536,0.8091976516634051,0.68,0.1596244131455399,0.815843621399177,0.2585551330798479,0.4116222760290557,0.8380864197530864,0.1767524234498381,0.046603636878417766,0.008145447489632376,5.264705882352941,34,179,793,16
kaggle,8,"C1: t=0.5, no calibration",reported,0.5,0.0488997555012225,0.9376528117359413,0.025,0.07692307692307693,0.9845758354755784,0.03773584905660378,0.028901734104046242,0.8057197943444729,0.14840080222173802,0.05050349389978258,0.03803061911883728,12.0,1,12,766,39
kaggle,8,"C1: t=0.5, no calibration",actual,0.5,0.04892367906066536,0.9344422700587084,0.06,0.13043478260869565,0.9794238683127572,0.0821917808219178,0.06726457399103139,0.7988683127572017,0.1363118262797069,0.05228486823390669,0.04198826258626057,6.666666666666667,3,20,952,47
kaggle,8,C2: C1 + threshold tuned on test,reported,0.10236490993995997,0.0488997555012225,0.8875305623471883,0.375,0.18292682926829268,0.9138817480719794,0.24590163934426235,0.3099173553719008,0.8057197943444729,0.14840080222173802,0.05050349389978258,0.03803061911883728,4.466666666666667,15,67,711,25
kaggle,8,C2: C1 + threshold tuned on test,actual,0.10236490993995997,0.04892367906066536,0.8825831702544031,0.28,0.14285714285714285,0.9135802469135802,0.18918918918918917,0.2348993288590604,0.7988683127572017,0.1363118262797069,0.05228486823390669,0.04198826258626057,6.0,14,84,888,36
kaggle,8,"C3: SMOTE before split, t=0.5",reported,0.5,0.5,0.9601542416452442,0.9575835475578406,0.962532299741602,0.9627249357326478,0.9600515463917525,0.9585692228512609,0.99286450657873,0.9938859029826381,0.030063150524507722,0.019035519294921786,0.038926174496644296,745,29,749,33
kaggle,8,"C3: SMOTE before split, t=0.5",actual,0.5,0.04892367906066536,0.9178082191780822,0.06,0.075,0.9619341563786008,0.06666666666666665,0.0625,0.7551028806584362,0.10513806462878954,0.0634006518276982,0.059271758683201524,12.333333333333334,3,37,935,47
kaggle,8,C4: C3 + threshold tuned on test,reported,0.5664709806537691,0.5,0.9659383033419023,0.9537275064267352,0.9776021080368906,0.9781491002570694,0.9655172413793104,0.9584086799276672,0.99286450657873,0.9938859029826381,0.030063150524507722,0.019035519294921786,0.022911051212938006,742,17,761,36
kaggle,8,C4: C3 + threshold tuned on test,actual,0.5664709806537691,0.04892367906066536,0.9256360078277887,0.04,0.06666666666666667,0.9711934156378601,0.05,0.043478260869565216,0.7551028806584362,0.10513806462878954,0.0634006518276982,0.059271758683201524,14.0,2,28,944,48
kaggle,8,"C5 (control): SMOTE on train only, t=0.5",reported,0.5,0.0488997555012225,0.9266503667481663,0.25,0.25,0.961439588688946,0.25,0.25,0.8289845758354756,0.18230956248541166,0.05727565434574787,0.0494639933847187,3.0,10,30,748,30
kaggle,8,"C5 (control): SMOTE on train only, t=0.5",actual,0.5,0.04892367906066536,0.9227005870841487,0.1,0.1282051282051282,0.9650205761316872,0.11235955056179775,0.10460251046025104,0.7845884773662551,0.1205852141836618,0.06161170387678951,0.051736803047429024,6.8,5,34,938,45
kaggle,9,R: paper pipeline,actual,0.060637091394262835,0.04892367906066536,0.821917808219178,0.5,0.13736263736263737,0.838477366255144,0.2155172413793104,0.32722513089005234,0.7951440329218107,0.1287744244718914,0.04468637251930047,0.016672550124223775,6.28,25,157,815,25
kaggle,9,"C1: t=0.5, no calibration",reported,0.5,0.0488997555012225,0.9388753056234719,0.075,0.1875,0.9832904884318766,0.10714285714285712,0.08522727272727273,0.8036632390745502,0.17218246077375948,0.04924373712417711,0.03551987509178419,4.333333333333333,3,13,765,37
kaggle,9,"C1: t=0.5, no calibration",actual,0.5,0.04892367906066536,0.9442270058708415,0.06,0.23076923076923078,0.9897119341563786,0.09523809523809523,0.07042253521126761,0.816008230452675,0.14870645905529065,0.050991224526369824,0.0431891243246717,3.3333333333333335,3,10,962,47
kaggle,9,C2: C1 + threshold tuned on test,reported,0.1895296864576384,0.0488997555012225,0.9193154034229829,0.35,0.25925925925925924,0.9485861182519281,0.29787234042553196,0.3271028037383178,0.8036632390745502,0.17218246077375948,0.04924373712417711,0.03551987509178419,2.857142857142857,14,40,738,26
kaggle,9,C2: C1 + threshold tuned on test,actual,0.1895296864576384,0.04892367906066536,0.9187866927592955,0.22,0.2,0.9547325102880658,0.20952380952380953,0.21568627450980393,0.816008230452675,0.14870645905529065,0.050991224526369824,0.0431891243246717,4.0,11,44,928,39
kaggle,9,"C3: SMOTE before split, t=0.5",reported,0.5,0.5,0.9562982005141388,0.9498714652956298,0.9622395833333334,0.9627249357326478,0.9560155239327296,0.9523195876288659,0.992537387408225,0.9932854841130851,0.032669114605677445,0.014316711251251094,0.03924221921515562,739,29,749,39
kaggle,9,"C3: SMOTE before split, t=0.5",actual,0.5,0.04892367906066536,0.9207436399217221,0.12,0.13953488372093023,0.9619341563786008,0.1290322580645161,0.1234567901234568,0.7601851851851852,0.12561753207659596,0.062320714088187346,0.06186272695253425,6.166666666666667,6,37,935,44
kaggle,9,C4: C3 + threshold tuned on test,reported,0.5729619746497665,0.5,0.9595115681233933,0.9460154241645244,0.9722589167767504,0.9730077120822622,0.958957654723127,0.951150168002068,0.992537387408225,0.9932854841130851,0.032669114605677445,0.014316711251251094,0.028532608695652172,736,21,757,42
kaggle,9,C4: C3 + threshold tuned on test,actual,0.5729619746497665,0.04892367906066536,0.9295499021526419,0.12,0.17647058823529413,0.9711934156378601,0.14285714285714282,0.12820512820512822,0.7601851851851852,0.12561753207659596,0.062320714088187346,0.06186272695253425,4.666666666666667,6,28,944,44
kaggle,9,"C5 (control): SMOTE on train only, t=0.5",reported,0.5,0.0488997555012225,0.9180929095354523,0.175,0.17073170731707318,0.9562982005141388,0.17283950617283952,0.17412935323383083,0.7689910025706941,0.16975721181958744,0.06091328915592118,0.055377158197481666,4.857142857142857,7,34,744,33
kaggle,9,"C5 (control): SMOTE on train only, t=0.5",actual,0.5,0.04892367906066536,0.9285714285714286,0.08,0.12903225806451613,0.9722222222222222,0.09876543209876543,0.08658008658008659,0.7859465020576132,0.14043190898443697,0.058169043121004405,0.057649125280351904,6.75,4,27,945,46
kaggle,10,R: paper pipeline,actual,0.03606404269513008,0.04892367906066536,0.7318982387475538,0.84,0.13636363636363635,0.7263374485596708,0.23463687150837986,0.41338582677165353,0.8377263374485596,0.15650347319509794,0.042863978214656755,0.009108558541378863,6.333333333333333,42,266,706,8
kaggle,10,"C1: t=0.5, no calibration",reported,0.5,0.0488997555012225,0.9449877750611247,0.125,0.3333333333333333,0.987146529562982,0.18181818181818182,0.14285714285714285,0.7804305912596401,0.17183487613312534,0.0486320320618219,0.0396414107314211,2.0,5,10,768,35
kaggle,10,"C1: t=0.5, no calibration",actual,0.5,0.04892367906066536,0.9403131115459883,0.06,0.17647058823529413,0.98559670781893,0.08955223880597014,0.06912442396313365,0.8300411522633745,0.18747213154961576,0.051148340881566126,0.043178598217613655,4.666666666666667,3,14,958,47
kaggle,10,C2: C1 + threshold tuned on test,reported,0.24145763842561707,0.0488997555012225,0.9352078239608802,0.225,0.2903225806451613,0.9717223650385605,0.2535211267605634,0.2356020942408377,0.7804305912596401,0.17183487613312534,0.0486320320618219,0.0396414107314211,2.4444444444444446,9,22,756,31
kaggle,10,C2: C1 + threshold tuned on test,actual,0.24145763842561707,0.04892367906066536,0.9227005870841487,0.18,0.19148936170212766,0.9609053497942387,0.18556701030927833,0.18218623481781374,0.8300411522633745,0.18747213154961576,0.051148340881566126,0.043178598217613655,4.222222222222222,9,38,934,41
kaggle,10,"C3: SMOTE before split, t=0.5",reported,0.5,0.5,0.9595115681233933,0.9562982005141388,0.96248382923674,0.9627249357326478,0.9593810444874274,0.9575289575289575,0.992910765855367,0.9934661758929169,0.03147356336777097,0.005986877674347824,0.038978494623655914,744,29,749,34
kaggle,10,"C3: SMOTE before split, t=0.5",actual,0.5,0.04892367906066536,0.9197651663405088,0.18,0.18,0.9578189300411523,0.18,0.18,0.7966666666666666,0.1459459390916061,0.06316687854585055,0.05938706399507209,4.555555555555555,9,41,931,41
kaggle,10,C4: C3 + threshold tuned on test,reported,0.4806971314209473,0.5,0.9607969151670951,0.9588688946015425,0.9625806451612903,0.9627249357326478,0.960721184803606,0.9596089529199897,0.992910765855367,0.9934661758929169,0.03147356336777097,0.005986877674347824,0.0388739946380697,746,29,749,32
kaggle,10,C4: C3 + threshold tuned on test,actual,0.4806971314209473,0.04892367906066536,0.9187866927592955,0.18,0.17647058823529413,0.9567901234567902,0.17821782178217824,0.17928286852589642,0.7966666666666666,0.1459459390916061,0.06316687854585055,0.05938706399507209,4.666666666666667,9,42,930,41
kaggle,10,"C5 (control): SMOTE on train only, t=0.5",reported,0.5,0.0488997555012225,0.9315403422982885,0.125,0.19230769230769232,0.9730077120822622,0.15151515151515152,0.13440860215053763,0.7479755784061697,0.11543893688497776,0.061236778542224854,0.06253514087723255,4.2,5,21,757,35
kaggle,10,"C5 (control): SMOTE on train only, t=0.5",actual,0.5,0.04892367906066536,0.9315068493150684,0.18,0.23684210526315788,0.970164609053498,0.20454545454545453,0.1890756302521008,0.8275102880658436,0.18889062093573974,0.05380843077045819,0.04121640036168393,3.2222222222222223,9,29,943,41
kaggle,11,R: paper pipeline,actual,0.04348232154769846,0.04892367906066536,0.8268101761252447,0.54,0.14917127071823205,0.8415637860082305,0.23376623376623382,0.3543307086614173,0.7968415637860082,0.14651281771761152,0.0444683786803744,0.02458433601312674,5.703703703703703,27,154,818,23
kaggle,11,"C1: t=0.5, no calibration",reported,0.5,0.0488997555012225,0.9364303178484108,0.1,0.2,0.9794344473007712,0.13333333333333333,0.11111111111111112,0.78573264781491,0.14566456513391907,0.052516289827994396,0.044744707177480574,4.0,4,16,762,36
kaggle,11,"C1: t=0.5, no calibration",actual,0.5,0.04892367906066536,0.9461839530332681,0.12,0.35294117647058826,0.9886831275720165,0.1791044776119403,0.1382488479262673,0.792716049382716,0.18562686342363421,0.04752493996556482,0.03842359631357838,1.8333333333333333,6,11,961,44
kaggle,11,C2: C1 + threshold tuned on test,reported,0.161711140760507,0.0488997555012225,0.9095354523227384,0.275,0.19642857142857142,0.9421593830334191,0.22916666666666669,0.2546296296296296,0.78573264781491,0.14566456513391907,0.052516289827994396,0.044744707177480574,4.090909090909091,11,45,733,29
kaggle,11,C2: C1 + threshold tuned on test,actual,0.161711140760507,0.04892367906066536,0.923679060665362,0.24,0.23076923076923078,0.9588477366255144,0.23529411764705882,0.2380952380952381,0.792716049382716,0.18562686342363421,0.04752493996556482,0.03842359631357838,3.3333333333333335,12,40,932,38
kaggle,11,"C3: SMOTE before split, t=0.5",reported,0.5,0.5,0.9543701799485861,0.9601542416452442,0.9491740787801779,0.9485861182519281,0.954632587859425,0.9579379328032828,0.9908324026407438,0.9921037409653801,0.03390664521737881,0.0190217144445732,0.0535475234270415,747,40,738,31
kaggle,11,"C3: SMOTE before split, t=0.5",actual,0.5,0.04892367906066536,0.9217221135029354,0.1,0.125,0.9639917695473251,0.11111111111111112,0.10416666666666667,0.8069341563786009,0.1617930601184151,0.05937135223643013,0.05410205920491004,7.0,5,35,937,45
kaggle,11,C4: C3 + threshold tuned on test,reported,0.5729619746497665,0.5,0.9562982005141388,0.9485861182519281,0.9634464751958225,0.9640102827763496,0.955958549222798,0.9515214027849407,0.9908324026407438,0.9921037409653801,0.03390664521737881,0.0190217144445732,0.037940379403794036,738,28,750,40
kaggle,11,C4: C3 + threshold tuned on test,actual,0.5729619746497665,0.04892367906066536,0.9256360078277887,0.1,0.1388888888888889,0.9681069958847737,0.11627906976744186,0.10593220338983052,0.8069341563786009,0.1617930601184151,0.05937135223643013,0.05410205920491004,6.2,5,31,941,45
kaggle,11,"C5 (control): SMOTE on train only, t=0.5",reported,0.5,0.0488997555012225,0.9083129584352079,0.125,0.1111111111111111,0.9485861182519281,0.11764705882352941,0.12195121951219513,0.7777313624678662,0.11284070799639381,0.07112201340301517,0.07554747064609757,8.0,5,40,738,35
kaggle,11,"C5 (control): SMOTE on train only, t=0.5",actual,0.5,0.04892367906066536,0.923679060665362,0.18,0.1956521739130435,0.9619341563786008,0.18749999999999997,0.18292682926829265,0.799835390946502,0.1416760518196749,0.06068042923959648,0.055306151162437894,4.111111111111111,9,37,935,41
kaggle,12,R: paper pipeline,actual,0.025863909272848564,0.04892367906066536,0.764187866927593,0.7,0.13409961685823754,0.7674897119341564,0.22508038585209,0.37960954446854667,0.7988477366255144,0.12309765387275359,0.0443380300678393,0.02090510127358795,6.457142857142857,35,226,746,15
kaggle,12,"C1: t=0.5, no calibration",reported,0.5,0.0488997555012225,0.9352078239608802,0.05,0.11764705882352941,0.980719794344473,0.07017543859649122,0.05649717514124294,0.8106683804627249,0.1385939434534544,0.05266424601937395,0.04377281086804277,7.5,2,15,763,38
kaggle,12,"C1: t=0.5, no calibration",actual,0.5,0.04892367906066536,0.9452054794520548,0.1,0.3125,0.9886831275720165,0.15151515151515152,0.11574074074074073,0.7918106995884773,0.2034001943935787,0.04836982455637534,0.04231656221158244,2.2,5,11,961,45
kaggle,12,C2: C1 + threshold tuned on test,reported,0.08428285523682455,0.0488997555012225,0.8887530562347188,0.375,0.18518518518518517,0.9151670951156813,0.2479338842975207,0.3112033195020747,0.8106683804627249,0.1385939434534544,0.05266424601937395,0.04377281086804277,4.4,15,66,712,25
kaggle,12,C2: C1 + threshold tuned on test,actual,0.08428285523682455,0.04892367906066536,0.8796477495107632,0.42,0.1826086956521739,0.9032921810699589,0.2545454545454545,0.33333333333333337,0.7918106995884773,0.2034001943935787,0.04836982455637534,0.04231656221158244,4.476190476190476,21,94,878,29
kaggle,12,"C3: SMOTE before split, t=0.5",reported,0.5,0.5,0.9588688946015425,0.9511568123393316,0.9660574412532638,0.9665809768637532,0.9585492227979274,0.9541000515729757,0.9905432821617622,0.9919036861048305,0.03423812987413153,0.01740383498586908,0.03513513513513514,740,26,752,38
kaggle,12,"C3: SMOTE before split, t=0.5",actual,0.5,0.04892367906066536,0.910958904109589,0.12,0.11320754716981132,0.9516460905349794,0.11650485436893204,0.11857707509881422,0.7815843621399177,0.11898237072963436,0.06728467057806786,0.061461142989782294,7.833333333333333,6,47,925,44
kaggle,12,C4: C3 + threshold tuned on test,reported,0.4677151434289526,0.5,0.9588688946015425,0.9537275064267352,0.9636363636363636,0.9640102827763496,0.958656330749354,0.9556929417825863,0.9905432821617622,0.9919036861048305,0.03423812987413153,0.01740383498586908,0.03773584905660377,742,28,750,36
kaggle,12,C4: C3 + threshold tuned on test,actual,0.4677151434289526,0.04892367906066536,0.9060665362035225,0.14,0.11666666666666667,0.9454732510288066,0.12727272727272726,0.13461538461538464,0.7815843621399177,0.11898237072963436,0.06728467057806786,0.061461142989782294,7.571428571428571,7,53,919,43
kaggle,12,"C5 (control): SMOTE on train only, t=0.5",reported,0.5,0.0488997555012225,0.9339853300733496,0.075,0.15,0.9781491002570694,0.1,0.08333333333333333,0.7854113110539845,0.13138602851098663,0.0558312478450805,0.05197229019474477,5.666666666666667,3,17,761,37
kaggle,12,"C5 (control): SMOTE on train only, t=0.5",actual,0.5,0.04892367906066536,0.9207436399217221,0.06,0.08108108108108109,0.9650205761316872,0.06896551724137931,0.06329113924050633,0.7330452674897119,0.09839196702161675,0.06305433406793266,0.06013844642104628,11.333333333333334,3,34,938,47
kaggle,13,R: paper pipeline,actual,0.06156437625083388,0.04892367906066536,0.7974559686888454,0.8,0.16877637130801687,0.7973251028806584,0.2787456445993031,0.45766590389016015,0.8662345679012345,0.1908171096346945,0.05388049607893549,0.011480165722482854,4.925,40,197,775,10
kaggle,13,"C1: t=0.5, no calibration",reported,0.5,0.0488997555012225,0.941320293398533,0.025,0.1,0.9884318766066839,0.04000000000000001,0.029411764705882353,0.7740038560411311,0.13360655098786545,0.049972938039083294,0.038747838892583604,9.0,1,9,769,39
kaggle,13,"C1: t=0.5, no calibration",actual,0.5,0.04892367906066536,0.9432485322896281,0.08,0.25,0.9876543209876543,0.12121212121212122,0.09259259259259259,0.8318930041152263,0.1991135360598671,0.04625705949661968,0.038124763550997864,3.0,4,12,960,46
kaggle,13,C2: C1 + threshold tuned on test,reported,0.024936624416277517,0.0488997555012225,0.8105134474327629,0.6,0.147239263803681,0.8213367609254498,0.23645320197044337,0.37151702786377716,0.7740038560411311,0.13360655098786545,0.049972938039083294,0.038747838892583604,5.791666666666667,24,139,639,16
kaggle,13,C2: C1 + threshold tuned on test,actual,0.024936624416277517,0.04892367906066536,0.8209393346379648,0.54,0.1443850267379679,0.8353909465020576,0.22784810126582278,0.3488372093023256,0.8318930041152263,0.1991135360598671,0.04625705949661968,0.038124763550997864,5.925925925925926,27,160,812,23
kaggle,13,"C3: SMOTE before split, t=0.5",reported,0.5,0.5,0.9582262210796915,0.9485861182519281,0.9672346002621232,0.967866323907455,0.9578195976638546,0.952258064516129,0.9916815907904388,0.9929364613227014,0.031648501541893484,0.00795359465115098,0.03387533875338753,738,25,753,40
kaggle,13,"C3: SMOTE before split, t=0.5",actual,0.5,0.04892367906066536,0.9324853228962818,0.24,0.27906976744186046,0.9681069958847737,0.2580645161290322,0.2469135802469136,0.8329423868312757,0.18640124218382687,0.05711503192580287,0.05050682881848603,2.5833333333333335,12,31,941,38
kaggle,13,C4: C3 + threshold tuned on test,reported,0.4579786524349566,0.5,0.9595115681233933,0.9575835475578406,0.9612903225806452,0.961439588688946,0.9594333547971667,0.9583226138410085,0.9916815907904388,0.9929364613227014,0.031648501541893484,0.00795359465115098,0.040268456375838924,745,30,748,33
kaggle,13,C4: C3 + threshold tuned on test,actual,0.4579786524349566,0.04892367906066536,0.9246575342465754,0.24,0.23529411764705882,0.9598765432098766,0.2376237623762376,0.23904382470119523,0.8329423868312757,0.18640124218382687,0.05711503192580287,0.05050682881848603,3.25,12,39,933,38
kaggle,13,"C5 (control): SMOTE on train only, t=0.5",reported,0.5,0.0488997555012225,0.9278728606356969,0.075,0.12,0.9717223650385605,0.0923076923076923,0.08108108108108109,0.764685089974293,0.10829637476901019,0.060519500343102293,0.059887647256090935,7.333333333333333,3,22,756,37
kaggle,13,"C5 (control): SMOTE on train only, t=0.5",actual,0.5,0.04892367906066536,0.9275929549902152,0.18,0.21428571428571427,0.9660493827160493,0.1956521739130435,0.1859504132231405,0.8330864197530864,0.1578731591467474,0.057592263122977896,0.05223260885752009,3.6666666666666665,9,33,939,41
kaggle,14,R: paper pipeline,actual,0.06527351567711807,0.04892367906066536,0.786692759295499,0.7,0.14705882352941177,0.7911522633744856,0.24305555555555555,0.39954337899543385,0.8386419753086419,0.20303944211277009,0.042149119373234234,0.017558076161956832,5.8,35,203,769,15
kaggle,14,"C1: t=0.5, no calibration",reported,0.5,0.0488997555012225,0.9388753056234719,0.025,0.08333333333333333,0.9858611825192802,0.03846153846153846,0.029069767441860465,0.7877892030848328,0.12983200969907405,0.05235350483690599,0.046977084349349545,11.0,1,11,767,39
kaggle,14,"C1: t=0.5, no calibration",actual,0.5,0.04892367906066536,0.9442270058708415,0.06,0.23076923076923078,0.9897119341563786,0.09523809523809523,0.07042253521126761,0.7982921810699588,0.1398795301684748,0.04951707487782614,0.03998291662168696,3.3333333333333335,3,10,962,47
kaggle,14,C2: C1 + threshold tuned on test,reported,0.016591060707138092,0.0488997555012225,0.8068459657701712,0.675,0.1569767441860465,0.8136246786632391,0.25471698113207547,0.40662650602409645,0.7877892030848328,0.12983200969907405,0.05235350483690599,0.046977084349349545,5.37037037037037,27,145,633,13
kaggle,14,C2: C1 + threshold tuned on test,actual,0.016591060707138092,0.04892367906066536,0.7818003913894325,0.58,0.12554112554112554,0.7921810699588477,0.20640569395017794,0.33642691415313225,0.7982921810699588,0.1398795301684748,0.04951707487782614,0.03998291662168696,6.9655172413793105,29,202,770,21
kaggle,14,"C3: SMOTE before split, t=0.5",reported,0.5,0.5,0.9595115681233933,0.961439588688946,0.9577464788732394,0.9575835475578406,0.9595894804361769,0.960698689956332,0.9938904712498596,0.9946895197502515,0.028809285526820872,0.01520151138087537,0.04411764705882353,748,33,745,30
kaggle,14,"C3: SMOTE before split, t=0.5",actual,0.5,0.04892367906066536,0.9266144814090019,0.14,0.1794871794871795,0.9670781893004116,0.15730337078651685,0.14644351464435149,0.79940329218107,0.13788067361336093,0.06000726061683253,0.05015909782404655,4.571428571428571,7,32,940,43
kaggle,14,C4: C3 + threshold tuned on test,reported,0.6248899266177451,0.5,0.9646529562982005,0.9537275064267352,0.9750328515111695,0.9755784061696658,0.9642625081221572,0.9579137619416473,0.9938904712498596,0.9946895197502515,0.028809285526820872,0.01520151138087537,0.025606469002695417,742,19,759,36
kaggle,14,C4: C3 + threshold tuned on test,actual,0.6248899266177451,0.04892367906066536,0.9285714285714286,0.06,0.10344827586206896,0.9732510288065843,0.0759493670886076,0.06550218340611354,0.79940329218107,0.13788067361336093,0.06000726061683253,0.05015909782404655,8.666666666666666,3,26,946,47
kaggle,14,"C5 (control): SMOTE on train only, t=0.5",reported,0.5,0.0488997555012225,0.921760391198044,0.05,0.07142857142857142,0.9665809768637532,0.058823529411764705,0.05319148936170213,0.7955334190231363,0.12689526934325152,0.060466765183281534,0.050417048540050566,13.0,2,26,752,38
kaggle,14,"C5 (control): SMOTE on train only, t=0.5",actual,0.5,0.04892367906066536,0.9187866927592955,0.12,0.13333333333333333,0.9598765432098766,0.12631578947368424,0.12244897959183672,0.7921604938271606,0.14257049628410223,0.059994172176402585,0.05171270884064809,6.5,6,39,933,44
kaggle,15,R: paper pipeline,actual,0.059246164109406266,0.04892367906066536,0.7455968688845401,0.78,0.13541666666666666,0.7438271604938271,0.23076923076923075,0.39959016393442615,0.8235185185185184,0.13717318028561876,0.04659526346129681,0.02132332566287186,6.384615384615385,39,249,723,11
kaggle,15,"C1: t=0.5, no calibration",reported,0.5,0.0488997555012225,0.9400977995110025,0.1,0.23529411764705882,0.9832904884318766,0.14035087719298245,0.11299435028248588,0.7857647814910026,0.13399037967562663,0.05363207003568735,0.04764023345192706,3.25,4,13,765,36
kaggle,15,"C1: t=0.5, no calibration",actual,0.5,0.04892367906066536,0.9344422700587084,0.02,0.05263157894736842,0.9814814814814815,0.028985507246376812,0.022831050228310504,0.8125925925925926,0.13438684470038106,0.05504731843453534,0.050477552865882666,18.0,1,18,954,49
kaggle,15,C2: C1 + threshold tuned on test,reported,0.059246164109406266,0.0488997555012225,0.8569682151589242,0.45,0.1592920353982301,0.877892030848329,0.23529411764705885,0.32967032967032966,0.7857647814910026,0.13399037967562663,0.05363207003568735,0.04764023345192706,5.277777777777778,18,95,683,22
kaggle,15,C2: C1 + threshold tuned on test,actual,0.059246164109406266,0.04892367906066536,0.8806262230919765,0.34,0.16037735849056603,0.9084362139917695,0.21794871794871792,0.2777777777777778,0.8125925925925926,0.13438684470038106,0.05504731843453534,0.050477552865882666,5.235294117647059,17,89,883,33
kaggle,15,"C3: SMOTE before split, t=0.5",reported,0.5,0.5,0.9537275064267352,0.9498714652956298,0.9572538860103627,0.9575835475578406,0.9535483870967741,0.9513388259526262,0.9915097706200725,0.9924368828482165,0.03508823173834649,0.015064967123339185,0.044654939106901215,739,33,745,39
kaggle,15,"C3: SMOTE before split, t=0.5",actual,0.5,0.04892367906066536,0.9207436399217221,0.06,0.08108108108108109,0.9650205761316872,0.06896551724137931,0.06329113924050633,0.8010905349794238,0.12051433209476306,0.06211496609464809,0.05465597745028715,11.333333333333334,3,34,938,47
kaggle,15,C4: C3 + threshold tuned on test,reported,0.5613709139426284,0.5,0.955655526992288,0.9447300771208226,0.9658344283837057,0.9665809768637532,0.9551656920077972,0.9488768396591789,0.9915097706200725,0.9924368828482165,0.03508823173834649,0.015064967123339185,0.03537414965986395,735,26,752,43
kaggle,15,C4: C3 + threshold tuned on test,actual,0.5613709139426284,0.04892367906066536,0.9266144814090019,0.02,0.037037037037037035,0.9732510288065843,0.025974025974025972,0.022026431718061675,0.8010905349794238,0.12051433209476306,0.06211496609464809,0.05465597745028715,26.0,1,26,946,49
kaggle,15,"C5 (control): SMOTE on train only, t=0.5",reported,0.5,0.0488997555012225,0.921760391198044,0.125,0.14705882352941177,0.9627249357326478,0.13513513513513511,0.1288659793814433,0.7540809768637532,0.10962483903682084,0.06328741608473004,0.0582324563175575,5.8,5,29,749,35
kaggle,15,"C5 (control): SMOTE on train only, t=0.5",actual,0.5,0.04892367906066536,0.9266144814090019,0.04,0.06896551724137931,0.9722222222222222,0.05063291139240506,0.04366812227074237,0.8068312757201647,0.12065588998071806,0.059629230471517046,0.05162699103245809,13.5,2,27,945,48
kaggle,16,R: paper pipeline,actual,0.03328218812541694,0.04892367906066536,0.824853228962818,0.6,0.15873015873015872,0.8364197530864198,0.2510460251046025,0.3856041131105398,0.802253086419753,0.158425216560592,0.04425823234011404,0.01356288664445733,5.3,30,159,813,20
kaggle,16,"C1: t=0.5, no calibration",reported,0.5,0.0488997555012225,0.941320293398533,0.025,0.1,0.9884318766066839,0.04000000000000001,0.029411764705882353,0.8130141388174807,0.14430989507987751,0.04983854697247381,0.04043172944557365,9.0,1,9,769,39
kaggle,16,"C1: t=0.5, no calibration",actual,0.5,0.04892367906066536,0.9422700587084148,0.04,0.15384615384615385,0.9886831275720165,0.0634920634920635,0.046948356807511735,0.7848971193415638,0.13159624018925528,0.05095550383684026,0.043073190548571394,5.5,2,11,961,48
kaggle,16,C2: C1 + threshold tuned on test,reported,0.054609739826551026,0.0488997555012225,0.8728606356968215,0.5,0.19230769230769232,0.8920308483290489,0.2777777777777778,0.37878787878787884,0.8130141388174807,0.14430989507987751,0.04983854697247381,0.04043172944557365,4.2,20,84,694,20
kaggle,16,C2: C1 + threshold tuned on test,actual,0.054609739826551026,0.04892367906066536,0.860078277886497,0.32,0.128,0.8878600823045267,0.18285714285714286,0.24615384615384614,0.7848971193415638,0.13159624018925528,0.05095550383684026,0.043073190548571394,6.8125,16,109,863,34
kaggle,16,"C3: SMOTE before split, t=0.5",reported,0.5,0.5,0.9607969151670951,0.961439588688946,0.9602053915275995,0.9601542416452442,0.9608220937700707,0.9611924955024415,0.9924349561528143,0.9935463248697772,0.03007971765686729,0.015234080680804014,0.04144385026737968,748,31,747,30
kaggle,16,"C3: SMOTE before split, t=0.5",actual,0.5,0.04892367906066536,0.923679060665362,0.14,0.16666666666666666,0.9639917695473251,0.15217391304347827,0.14462809917355374,0.7756995884773662,0.1366162630956288,0.060152881016811044,0.057668737697070975,5.0,7,35,937,43
kaggle,16,C4: C3 + threshold tuned on test,reported,0.5381887925283522,0.5,0.9659383033419023,0.9601542416452442,0.9713914174252276,0.9717223650385605,0.9657401422107305,0.9623808296830711,0.9924349561528143,0.9935463248697772,0.03007971765686729,0.015234080680804014,0.029451137884872823,747,22,756,31
kaggle,16,C4: C3 + threshold tuned on test,actual,0.5381887925283522,0.04892367906066536,0.9256360078277887,0.12,0.15789473684210525,0.9670781893004116,0.13636363636363635,0.12605042016806725,0.7756995884773662,0.1366162630956288,0.060152881016811044,0.057668737697070975,5.333333333333333,6,32,940,44
kaggle,16,"C5 (control): SMOTE on train only, t=0.5",reported,0.5,0.0488997555012225,0.9254278728606357,0.05,0.08,0.9704370179948586,0.061538461538461535,0.054054054054054064,0.7931876606683804,0.11525116663779728,0.05997885357959147,0.05826162599433436,11.5,2,23,755,38
kaggle,16,"C5 (control): SMOTE on train only, t=0.5",actual,0.5,0.04892367906066536,0.9227005870841487,0.08,0.10810810810810811,0.9660493827160493,0.09195402298850573,0.08438818565400845,0.767880658436214,0.11597476603232562,0.0617705922754434,0.056687239652051725,8.25,4,33,939,46
kaggle,17,R: paper pipeline,actual,0.10097398265510339,0.04892367906066536,0.8317025440313112,0.64,0.17204301075268819,0.8415637860082305,0.27118644067796616,0.4145077720207255,0.8269238683127572,0.1560180598644466,0.046505400847381397,0.017923829184003072,4.8125,32,154,818,18
kaggle,17,"C1: t=0.5, no calibration",reported,0.5,0.0488997555012225,0.9437652811735942,0.125,0.3125,0.9858611825192802,0.17857142857142858,0.14204545454545456,0.7604113110539845,0.13540281232338175,0.05275260994815376,0.05046421190201865,2.2,5,11,767,35
kaggle,17,"C1: t=0.5, no calibration",actual,0.5,0.04892367906066536,0.9452054794520548,0.04,0.2,0.9917695473251029,0.06666666666666667,0.047619047619047616,0.7978806584362139,0.18963540074802065,0.04611973546098319,0.03428967734899651,4.0,2,8,964,48
kaggle,17,C2: C1 + threshold tuned on test,reported,0.3309406270847231,0.0488997555012225,0.9303178484107579,0.2,0.24242424242424243,0.967866323907455,0.21917808219178084,0.2072538860103627,0.7604113110539845,0.13540281232338175,0.05275260994815376,0.05046421190201865,3.125,8,25,753,32
kaggle,17,C2: C1 + threshold tuned on test,actual,0.3309406270847231,0.04892367906066536,0.9412915851272016,0.1,0.25,0.9845679012345679,0.14285714285714288,0.11363636363636363,0.7978806584362139,0.18963540074802065,0.04611973546098319,0.03428967734899651,3.0,5,15,957,45
kaggle,17,"C3: SMOTE before split, t=0.5",reported,0.5,0.5,0.9595115681233933,0.9640102827763496,0.9554140127388535,0.9550128534704371,0.9596928982725528,0.962278675904542,0.9923226121952671,0.9932803510121612,0.03169064978327142,0.014690944899394594,0.04666666666666667,750,35,743,28
kaggle,17,"C3: SMOTE before split, t=0.5",actual,0.5,0.04892367906066536,0.9227005870841487,0.14,0.16279069767441862,0.9629629629629629,0.15053763440860218,0.14403292181069963,0.7991975308641975,0.13778337592246126,0.061037940570975606,0.05298350350643356,5.142857142857143,7,36,936,43
kaggle,17,C4: C3 + threshold tuned on test,reported,0.5261340893929286,0.5,0.9627249357326478,0.9640102827763496,0.9615384615384616,0.961439588688946,0.962772785622593,0.9635149023638232,0.9923226121952671,0.9932803510121612,0.03169064978327142,0.014690944899394594,0.04,750,30,748,28
kaggle,17,C4: C3 + threshold tuned on test,actual,0.5261340893929286,0.04892367906066536,0.9227005870841487,0.12,0.14634146341463414,0.9639917695473251,0.13186813186813184,0.12448132780082988,0.7991975308641975,0.13778337592246126,0.061037940570975606,0.05298350350643356,5.833333333333333,6,35,937,44
kaggle,17,"C5 (control): SMOTE on train only, t=0.5",reported,0.5,0.0488997555012225,0.9180929095354523,0.05,0.06451612903225806,0.9627249357326478,0.056338028169014086,0.05235602094240838,0.7470437017994859,0.10566622943118113,0.06589699970720587,0.05900666912045007,14.5,2,29,749,38
kaggle,17,"C5 (control): SMOTE on train only, t=0.5",actual,0.5,0.04892367906066536,0.9275929549902152,0.08,0.125,0.9711934156378601,0.09756097560975609,0.08620689655172414,0.7725102880658437,0.1182881714149556,0.0602643563419821,0.05322672291493926,7.0,4,28,944,46
kaggle,18,R: paper pipeline,actual,0.0383822548365577,0.04892367906066536,0.6702544031311155,0.86,0.11528150134048257,0.6604938271604939,0.20330969267139481,0.37521815008726,0.8110390946502056,0.16566197989251275,0.04412561063233828,0.021890998664544442,7.674418604651163,43,330,642,7
kaggle,18,"C1: t=0.5, no calibration",reported,0.5,0.0488997555012225,0.9400977995110025,0.0,0.0,0.9884318766066839,0.0,0.0,0.7562982005141389,0.1071973257526872,0.053460465398190056,0.0479101520191536,9.0,0,9,769,40
kaggle,18,"C1: t=0.5, no calibration",actual,0.5,0.04892367906066536,0.9442270058708415,0.08,0.26666666666666666,0.9886831275720165,0.12307692307692307,0.09302325581395347,0.824567901234568,0.18182841317176532,0.048564112354873686,0.03996010143710419,2.75,4,11,961,46
kaggle,18,C2: C1 + threshold tuned on test,reported,0.03652768512341561,0.0488997555012225,0.8471882640586798,0.375,0.13043478260869565,0.87146529562982,0.19354838709677416,0.27272727272727276,0.7562982005141389,0.1071973257526872,0.053460465398190056,0.0479101520191536,6.666666666666667,15,100,678,25
kaggle,18,C2: C1 + threshold tuned on test,actual,0.03652768512341561,0.04892367906066536,0.8522504892367906,0.52,0.16993464052287582,0.8693415637860082,0.25615763546798026,0.36827195467422097,0.824567901234568,0.18182841317176532,0.048564112354873686,0.03996010143710419,4.884615384615385,26,127,845,24
kaggle,18,"C3: SMOTE before split, t=0.5",reported,0.5,0.5,0.961439588688946,0.9550128534704371,0.9674479166666666,0.967866323907455,0.9611901681759379,0.9574742268041238,0.9927092075785913,0.9935131914234624,0.030353776391582564,0.015890786034620345,0.033647375504710635,743,25,753,35
kaggle,18,"C3: SMOTE before split, t=0.5",actual,0.5,0.04892367906066536,0.9285714285714286,0.06,0.10344827586206896,0.9732510288065843,0.0759493670886076,0.06550218340611354,0.7855761316872427,0.11764976738499153,0.05809943092588518,0.05109222856269231,8.666666666666666,3,26,946,47
kaggle,18,C4: C3 + threshold tuned on test,reported,0.4797698465643762,0.5,0.9646529562982005,0.961439588688946,0.9676584734799483,0.967866323907455,0.9645390070921985,0.9626769626769628,0.9927092075785913,0.9935131914234624,0.030353776391582564,0.015890786034620345,0.03342245989304813,748,25,753,30
kaggle,18,C4: C3 + threshold tuned on test,actual,0.4797698465643762,0.04892367906066536,0.9285714285714286,0.08,0.12903225806451613,0.9722222222222222,0.09876543209876543,0.08658008658008659,0.7855761316872427,0.11764976738499153,0.05809943092588518,0.05109222856269231,6.75,4,27,945,46
kaggle,18,"C5 (control): SMOTE on train only, t=0.5",reported,0.5,0.0488997555012225,0.9205378973105135,0.075,0.0967741935483871,0.9640102827763496,0.08450704225352113,0.07853403141361257,0.7522814910025706,0.09920337132923147,0.062321920527100276,0.0651492940234802,9.333333333333334,3,28,750,37
kaggle,18,"C5 (control): SMOTE on train only, t=0.5",actual,0.5,0.04892367906066536,0.9285714285714286,0.06,0.10344827586206896,0.9732510288065843,0.0759493670886076,0.06550218340611354,0.7872839506172838,0.12289426768220381,0.059501070838877096,0.04641602151697601,8.666666666666666,3,26,946,47
kaggle,19,R: paper pipeline,actual,0.14919279519679784,0.04892367906066536,0.8434442270058709,0.6,0.17647058823529413,0.8559670781893004,0.2727272727272727,0.40540540540540543,0.8310185185185186,0.18629347744990876,0.04376706970857278,0.012487344306195608,4.666666666666667,30,140,832,20
kaggle,19,"C1: t=0.5, no calibration",reported,0.5,0.0488997555012225,0.9388753056234719,0.125,0.25,0.980719794344473,0.16666666666666666,0.1388888888888889,0.8381748071979435,0.18832494943032957,0.048824116317586305,0.03546288220040112,3.0,5,15,763,35
kaggle,19,"C1: t=0.5, no calibration",actual,0.5,0.04892367906066536,0.9383561643835616,0.06,0.15789473684210525,0.9835390946502057,0.08695652173913043,0.0684931506849315,0.7590946502057614,0.13214248002857942,0.052189680752986585,0.04532742609286757,5.333333333333333,3,16,956,47
kaggle,19,C2: C1 + threshold tuned on test,reported,0.13250166777851902,0.0488997555012225,0.9144254278728606,0.35,0.2413793103448276,0.9434447300771208,0.2857142857142857,0.3211009174311926,0.8381748071979435,0.18832494943032957,0.048824116317586305,0.03546288220040112,3.142857142857143,14,44,734,26
kaggle,19,C2: C1 + threshold tuned on test,actual,0.13250166777851902,0.04892367906066536,0.901174168297456,0.26,0.16883116883116883,0.934156378600823,0.2047244094488189,0.2346570397111913,0.7590946502057614,0.13214248002857942,0.052189680752986585,0.04532742609286757,4.923076923076923,13,64,908,37
kaggle,19,"C3: SMOTE before split, t=0.5",reported,0.5,0.5,0.9543701799485861,0.9562982005141388,0.9526248399487837,0.9524421593830334,0.95445798588839,0.955561263806833,0.9913247335135242,0.9924238264102271,0.033990714364962094,0.016963067411851676,0.04973118279569892,744,37,741,34
kaggle,19,"C3: SMOTE before split, t=0.5",actual,0.5,0.04892367906066536,0.9256360078277887,0.14,0.175,0.9660493827160493,0.15555555555555556,0.14583333333333334,0.7711316872427983,0.12728249674697217,0.059875953734053605,0.05318106456365166,4.714285714285714,7,33,939,43
kaggle,19,C4: C3 + threshold tuned on test,reported,0.6174716477651767,0.5,0.9582262210796915,0.9498714652956298,0.9660130718954248,0.9665809768637532,0.9578742709008425,0.9530564869744648,0.9913247335135242,0.9924238264102271,0.033990714364962094,0.016963067411851676,0.035182679296346414,739,26,752,39
kaggle,19,C4: C3 + threshold tuned on test,actual,0.6174716477651767,0.04892367906066536,0.9334637964774951,0.06,0.125,0.9783950617283951,0.08108108108108109,0.06696428571428571,0.7711316872427983,0.12728249674697217,0.059875953734053605,0.05318106456365166,7.0,3,21,951,47
kaggle,19,"C5 (control): SMOTE on train only, t=0.5",reported,0.5,0.0488997555012225,0.9156479217603912,0.1,0.10810810810810811,0.9575835475578406,0.1038961038961039,0.10152284263959391,0.8188946015424164,0.12799733661955273,0.06397589337251788,0.05306685316056038,8.25,4,33,745,36
kaggle,19,"C5 (control): SMOTE on train only, t=0.5",actual,0.5,0.04892367906066536,0.9266144814090019,0.1,0.14285714285714285,0.9691358024691358,0.11764705882352941,0.10638297872340426,0.7582304526748971,0.13257530849814342,0.05999184895711117,0.05584887248409053,6.0,5,30,942,45
