dataset,classifier,oversampler,prevalence,alpha,s_counts,reported_sensitivity,reported_precision,r_syn,r_real,actual_sensitivity,abs_error,a_est
BRFSS 2023,Random forest,ADASYN,0.01,0.5,0.9796,0.9803,1.0,0.9995,0.0389,0.0,0.0012,0.0333
BRFSS 2023,Random forest,ADASYN,0.01,1.0,0.9899,0.9903,1.0,0.9997,0.0387,0.0,0.0007,0.0417
BRFSS 2023,Random forest,ADASYN,0.02,0.5,0.9594,0.9641,0.9995,0.9987,0.0528,0.0005,0.0046,0.1146
BRFSS 2023,Random forest,ADASYN,0.02,1.0,0.9796,0.9825,0.9998,0.9998,0.0732,0.0009,0.003,0.1459
BRFSS 2023,Random forest,ADASYN,0.05,0.5,0.8971,0.9096,0.9965,0.9978,0.114,0.0139,0.0125,0.1217
BRFSS 2023,Random forest,ADASYN,0.05,1.0,0.9479,0.9562,0.9983,0.9995,0.1329,0.0164,0.0083,0.16
BRFSS 2023,Random forest,ADASYN,0.1,0.5,0.7846,0.8221,0.9739,0.9955,0.1882,0.1049,0.0376,0.1751
BRFSS 2023,Random forest,ADASYN,0.1,1.0,0.8864,0.9144,0.9846,0.9987,0.254,0.111,0.028,0.2463
BRFSS 2023,Random forest,ADASYN,0.2,0.5,0.5182,0.7154,0.8583,0.9845,0.4189,0.35,0.1972,0.4092
BRFSS 2023,Random forest,ADASYN,0.2,1.0,0.7611,0.8778,0.9273,0.9968,0.499,0.3762,0.1167,0.4886
BRFSS 2023,Random forest,Borderline-SMOTE,0.01,0.5,0.9798,0.9808,0.9999,0.9997,0.0214,0.0002,0.001,0.05
BRFSS 2023,Random forest,Borderline-SMOTE,0.01,1.0,0.9899,0.9903,1.0,0.9997,0.0287,0.0004,0.0006,0.0417
BRFSS 2023,Random forest,Borderline-SMOTE,0.02,0.5,0.9592,0.9659,0.9996,0.9996,0.0885,0.0025,0.0067,0.1646
BRFSS 2023,Random forest,Borderline-SMOTE,0.02,1.0,0.9796,0.9825,0.9997,0.9999,0.066,0.002,0.0029,0.1417
BRFSS 2023,Random forest,Borderline-SMOTE,0.05,0.5,0.8947,0.9118,0.993,0.9975,0.1674,0.0288,0.0171,0.1625
BRFSS 2023,Random forest,Borderline-SMOTE,0.05,1.0,0.9474,0.9588,0.9968,0.9998,0.1874,0.0331,0.0114,0.2175
BRFSS 2023,Random forest,Borderline-SMOTE,0.1,0.5,0.7778,0.8249,0.9668,0.9946,0.2358,0.1253,0.0471,0.2121
BRFSS 2023,Random forest,Borderline-SMOTE,0.1,1.0,0.8889,0.9203,0.982,0.999,0.2965,0.1402,0.0314,0.2829
BRFSS 2023,Random forest,Borderline-SMOTE,0.2,0.5,0.5,0.7053,0.8527,0.9906,0.4109,0.3571,0.2053,0.4106
BRFSS 2023,Random forest,Borderline-SMOTE,0.2,1.0,0.75,0.8748,0.9228,0.9979,0.4996,0.3801,0.1248,0.4994
BRFSS 2023,Random forest,Random oversampling,0.01,0.5,0.9798,1.0,0.9999,1.0,1.0,0.0001,0.0202,1.0
BRFSS 2023,Random forest,Random oversampling,0.01,1.0,0.9899,1.0,1.0,1.0,1.0,0.0002,0.0101,1.0
BRFSS 2023,Random forest,Random oversampling,0.02,0.5,0.9592,1.0,0.9997,1.0,1.0,0.0012,0.0408,1.0
BRFSS 2023,Random forest,Random oversampling,0.02,1.0,0.9796,1.0,0.9999,1.0,1.0,0.001,0.0204,1.0
BRFSS 2023,Random forest,Random oversampling,0.05,0.5,0.8947,1.0,0.9921,1.0,1.0,0.0437,0.1053,1.0
BRFSS 2023,Random forest,Random oversampling,0.05,1.0,0.9474,1.0,0.9963,1.0,1.0,0.0396,0.0526,1.0
BRFSS 2023,Random forest,Random oversampling,0.1,0.5,0.7778,0.9812,0.9463,0.99,0.9507,0.2104,0.2034,0.9154
BRFSS 2023,Random forest,Random oversampling,0.1,1.0,0.8889,0.9998,0.9708,0.9998,0.9992,0.2179,0.1109,0.9979
BRFSS 2023,Random forest,Random oversampling,0.2,0.5,0.5,0.8515,0.8358,0.9501,0.7496,0.43,0.3515,0.7029
BRFSS 2023,Random forest,Random oversampling,0.2,1.0,0.75,0.979,0.8978,0.9891,0.9479,0.507,0.229,0.9158
BRFSS 2023,Random forest,SMOTE,0.01,0.5,0.9798,0.9815,1.0,0.9997,0.057,0.0,0.0017,0.0833
BRFSS 2023,Random forest,SMOTE,0.01,1.0,0.9899,0.9904,1.0,0.9998,0.0257,0.0,0.0007,0.0458
BRFSS 2023,Random forest,SMOTE,0.02,0.5,0.9592,0.9639,0.9998,0.9985,0.0641,0.0007,0.0048,0.1167
BRFSS 2023,Random forest,SMOTE,0.02,1.0,0.9796,0.9825,0.9999,0.9999,0.0687,0.0007,0.0029,0.1438
BRFSS 2023,Random forest,SMOTE,0.05,0.5,0.8947,0.908,0.9956,0.9975,0.13,0.0212,0.0132,0.1258
BRFSS 2023,Random forest,SMOTE,0.05,1.0,0.9474,0.9576,0.9973,0.9996,0.1675,0.0242,0.0103,0.195
BRFSS 2023,Random forest,SMOTE,0.1,0.5,0.7778,0.8183,0.9679,0.9938,0.2093,0.116,0.0406,0.1825
BRFSS 2023,Random forest,SMOTE,0.1,1.0,0.8889,0.9187,0.9822,0.9986,0.2848,0.1316,0.0298,0.2679
BRFSS 2023,Random forest,SMOTE,0.2,0.5,0.5,0.7036,0.8517,0.9834,0.4149,0.3559,0.2036,0.4073
BRFSS 2023,Random forest,SMOTE,0.2,1.0,0.75,0.8748,0.9237,0.9967,0.5035,0.3905,0.1248,0.4994
Kaggle,Random forest,ADASYN,0.02,0.5,0.9592,0.9673,0.9829,0.9976,0.441,0.022,0.0162,0.1952
Kaggle,Random forest,ADASYN,0.02,1.0,0.9796,0.9825,0.9904,0.9994,0.3446,0.018,0.0071,0.1396
Kaggle,Random forest,ADASYN,0.05,0.5,0.8958,0.8996,0.9461,0.9773,0.3654,0.078,0.0217,0.036
Kaggle,Random forest,ADASYN,0.05,1.0,0.947,0.9584,0.9683,0.9912,0.4136,0.11,0.0148,0.2136
Kaggle,Random forest,ADASYN,0.1,0.5,0.7787,0.8413,0.8699,0.9421,0.5189,0.24,0.0626,0.2848
Kaggle,Random forest,ADASYN,0.1,1.0,0.8894,0.9529,0.9261,0.9897,0.6534,0.298,0.0635,0.5733
Kaggle,Random forest,ADASYN,0.2,0.5,0.5087,0.7341,0.722,0.8784,0.5879,0.512,0.2254,0.4571
Kaggle,Random forest,ADASYN,0.2,1.0,0.7601,0.9342,0.8364,0.9721,0.8086,0.584,0.1741,0.7258
Kaggle,Random forest,Borderline-SMOTE,0.02,0.5,0.9592,0.95,0.9883,0.9953,0.195,0.018,0.0155,-0.225
Kaggle,Random forest,Borderline-SMOTE,0.02,1.0,0.9796,0.9768,0.9937,0.9977,0.2193,0.018,0.0096,-0.1391
Kaggle,Random forest,Borderline-SMOTE,0.05,0.5,0.8946,0.8977,0.9596,0.9811,0.3379,0.104,0.0305,0.029
Kaggle,Random forest,Borderline-SMOTE,0.05,1.0,0.9474,0.9585,0.9781,0.9944,0.3743,0.108,0.0135,0.2111
Kaggle,Random forest,Borderline-SMOTE,0.1,0.5,0.7778,0.8605,0.8774,0.9693,0.5138,0.25,0.0827,0.3722
Kaggle,Random forest,Borderline-SMOTE,0.1,1.0,0.8889,0.9617,0.9261,0.9966,0.6744,0.31,0.0728,0.6556
Kaggle,Random forest,Borderline-SMOTE,0.2,0.5,0.5,0.7625,0.7352,0.9252,0.6126,0.516,0.2625,0.525
Kaggle,Random forest,Borderline-SMOTE,0.2,1.0,0.75,0.9438,0.8344,0.9918,0.7938,0.584,0.1938,0.775
Kaggle,Random forest,Random oversampling,0.02,0.5,0.9592,1.0,0.9889,1.0,1.0,0.01,0.0408,1.0
Kaggle,Random forest,Random oversampling,0.02,1.0,0.9796,1.0,0.9966,1.0,1.0,0.006,0.0204,1.0
Kaggle,Random forest,Random oversampling,0.05,0.5,0.8946,1.0,0.9688,1.0,1.0,0.092,0.1054,1.0
Kaggle,Random forest,Random oversampling,0.05,1.0,0.9474,1.0,0.9806,1.0,1.0,0.09,0.0526,1.0
Kaggle,Random forest,Random oversampling,0.1,0.5,0.7778,0.9852,0.8993,0.9968,0.9477,0.252,0.2074,0.9333
Kaggle,Random forest,Random oversampling,0.1,1.0,0.8889,1.0,0.9467,1.0,1.0,0.26,0.1111,1.0
Kaggle,Random forest,Random oversampling,0.2,0.5,0.5,0.8306,0.7528,0.9413,0.723,0.49,0.3306,0.6611
Kaggle,Random forest,Random oversampling,0.2,1.0,0.75,0.9875,0.8534,0.9953,0.9636,0.586,0.2375,0.95
Kaggle,Random forest,SMOTE,0.02,0.5,0.9592,0.9659,0.9839,0.9963,0.4243,0.018,0.0177,0.1648
Kaggle,Random forest,SMOTE,0.02,1.0,0.9796,0.9801,0.9926,0.9976,0.3271,0.014,0.0087,0.0271
Kaggle,Random forest,SMOTE,0.05,0.5,0.8946,0.8988,0.9478,0.9758,0.3891,0.104,0.0339,0.0401
Kaggle,Random forest,SMOTE,0.05,1.0,0.9474,0.9614,0.9656,0.9943,0.4097,0.118,0.0152,0.2667
Kaggle,Random forest,SMOTE,0.1,0.5,0.7778,0.8333,0.8782,0.9435,0.4889,0.24,0.0802,0.25
Kaggle,Random forest,SMOTE,0.1,1.0,0.8889,0.9525,0.9221,0.9848,0.6923,0.29,0.0636,0.5722
Kaggle,Random forest,SMOTE,0.2,0.5,0.5,0.75,0.7272,0.8965,0.608,0.496,0.25,0.5
Kaggle,Random forest,SMOTE,0.2,1.0,0.75,0.9271,0.8344,0.9737,0.7806,0.578,0.1771,0.7083
Kaggle,XGBoost,ADASYN,0.02,0.5,0.9592,0.965,0.9658,0.9964,0.3852,0.038,0.0153,0.1399
Kaggle,XGBoost,ADASYN,0.02,1.0,0.9796,0.9864,0.9801,0.9994,0.493,0.054,0.0084,0.334
Kaggle,XGBoost,ADASYN,0.05,0.5,0.8958,0.891,0.9377,0.9781,0.2871,0.122,0.028,-0.0418
Kaggle,XGBoost,ADASYN,0.05,1.0,0.947,0.9561,0.9597,0.9944,0.3348,0.136,0.0159,0.1693
Kaggle,XGBoost,ADASYN,0.1,0.5,0.7787,0.825,0.8686,0.9512,0.4263,0.256,0.0486,0.213
Kaggle,XGBoost,ADASYN,0.1,1.0,0.8894,0.9344,0.9222,0.989,0.4892,0.288,0.0449,0.407
Kaggle,XGBoost,ADASYN,0.2,0.5,0.5087,0.7138,0.7091,0.8638,0.5604,0.466,0.2052,0.4152
Kaggle,XGBoost,ADASYN,0.2,1.0,0.7601,0.8862,0.8467,0.9638,0.6279,0.5,0.1261,0.5263
Kaggle,XGBoost,Borderline-SMOTE,0.02,0.5,0.9592,0.9545,0.9728,0.9964,0.265,0.042,0.0155,-0.1136
Kaggle,XGBoost,Borderline-SMOTE,0.02,1.0,0.9796,0.9807,0.9865,0.9989,0.3452,0.034,0.0075,0.0555
Kaggle,XGBoost,Borderline-SMOTE,0.05,0.5,0.8946,0.9035,0.9363,0.9905,0.3267,0.15,0.0292,0.0842
Kaggle,XGBoost,Borderline-SMOTE,0.05,1.0,0.9474,0.9585,0.965,0.9963,0.3422,0.14,0.0111,0.2111
Kaggle,XGBoost,Borderline-SMOTE,0.1,0.5,0.7778,0.8457,0.8686,0.9721,0.4426,0.266,0.0679,0.3056
Kaggle,XGBoost,Borderline-SMOTE,0.1,1.0,0.8889,0.9401,0.9226,0.9923,0.5141,0.304,0.0512,0.4611
Kaggle,XGBoost,Borderline-SMOTE,0.2,0.5,0.5,0.7361,0.7184,0.9196,0.5617,0.442,0.2361,0.4722
Kaggle,XGBoost,Borderline-SMOTE,0.2,1.0,0.75,0.8958,0.843,0.9771,0.6393,0.51,0.1458,0.5833
Kaggle,XGBoost,Random oversampling,0.02,0.5,0.9592,1.0,0.9634,1.0,1.0,0.06,0.0408,1.0
Kaggle,XGBoost,Random oversampling,0.02,1.0,0.9796,1.0,0.9845,1.0,1.0,0.062,0.0204,1.0
Kaggle,XGBoost,Random oversampling,0.05,0.5,0.8946,1.0,0.9327,1.0,1.0,0.156,0.1054,1.0
Kaggle,XGBoost,Random oversampling,0.05,1.0,0.9474,1.0,0.955,1.0,1.0,0.178,0.0526,1.0
Kaggle,XGBoost,Random oversampling,0.1,0.5,0.7778,0.9877,0.8825,0.9968,0.9568,0.276,0.2099,0.9444
Kaggle,XGBoost,Random oversampling,0.1,1.0,0.8889,1.0,0.9213,1.0,1.0,0.326,0.1111,1.0
Kaggle,XGBoost,Random oversampling,0.2,0.5,0.5,0.8333,0.7493,0.9373,0.732,0.464,0.3333,0.6667
Kaggle,XGBoost,Random oversampling,0.2,1.0,0.75,0.9847,0.854,0.9925,0.9616,0.53,0.2347,0.9389
Kaggle,XGBoost,SMOTE,0.02,0.5,0.9592,0.9705,0.969,0.9976,0.4779,0.04,0.015,0.2761
Kaggle,XGBoost,SMOTE,0.02,1.0,0.9796,0.9864,0.9871,0.9994,0.5471,0.032,0.01,0.3331
Kaggle,XGBoost,SMOTE,0.05,0.5,0.8946,0.886,0.9339,0.9734,0.3232,0.112,0.0301,-0.0813
Kaggle,XGBoost,SMOTE,0.05,1.0,0.9474,0.9614,0.9639,0.9968,0.3691,0.142,0.0152,0.2667
Kaggle,XGBoost,SMOTE,0.1,0.5,0.7778,0.8272,0.8568,0.9555,0.4235,0.262,0.0543,0.2222
Kaggle,XGBoost,SMOTE,0.1,1.0,0.8889,0.9364,0.9164,0.9875,0.5207,0.274,0.0475,0.4278
Kaggle,XGBoost,SMOTE,0.2,0.5,0.5,0.7222,0.7069,0.9006,0.5495,0.46,0.2222,0.4444
Kaggle,XGBoost,SMOTE,0.2,1.0,0.75,0.8868,0.8443,0.9662,0.6355,0.528,0.1368,0.5472
