dataset,seed,variant,classifier,synthetic_share_s,reported_sensitivity,sensitivity_synthetic,sensitivity_real_internal,identity_s_plus,reported_specificity,reported_roc_auc,actual_sensitivity,actual_specificity,actual_roc_auc,synthetic_rows_with_nonint_value
kaggle,0,SMOTE,XGBoost,0.9537275064267352,0.9537275064267352,0.9811320754716981,0.3888888888888889,0.9717223650385604,0.9691516709511568,0.993185017281144,0.1,0.9650205761316872,0.7695679012345679,0.8406504065040651
kaggle,0,SMOTE,Logistic regression,0.9537275064267352,0.8431876606683805,0.8504043126684636,0.6944444444444444,0.9858611825192802,0.7532133676092545,0.8490179816416756,0.64,0.7479423868312757,0.8114403292181069,0.8406504065040651
kaggle,0,SMOTE,Random forest,0.9537275064267352,0.9640102827763496,0.9824797843665768,0.5833333333333334,0.980719794344473,0.9652956298200515,0.9945645349951427,0.1,0.9650205761316872,0.777664609053498,0.8406504065040651
kaggle,0,SMOTE + rounding,XGBoost,0.9537275064267352,0.9473007712082262,0.9582210242587601,0.7222222222222222,0.987146529562982,0.929305912596401,0.9864410755942664,0.2,0.9207818930041153,0.774320987654321,0.0
kaggle,0,SMOTE + rounding,Logistic regression,0.9537275064267352,0.8380462724935732,0.8450134770889488,0.6944444444444444,0.9858611825192802,0.7519280205655527,0.848667732832852,0.64,0.7489711934156379,0.811358024691358,0.0
kaggle,0,SMOTE + rounding,Random forest,0.9537275064267352,0.9755784061696658,0.977088948787062,0.9444444444444444,0.9974293059125964,0.9151670951156812,0.9904606763106245,0.22,0.9238683127572016,0.7930555555555555,0.0
kaggle,1,SMOTE,XGBoost,0.9537275064267352,0.9498714652956298,0.9838274932614556,0.25,0.9652956298200515,0.9588688946015425,0.9920615777056722,0.14,0.9588477366255144,0.7570781893004115,0.8585365853658536
kaggle,1,SMOTE,Logistic regression,0.9537275064267352,0.8701799485861182,0.871967654986523,0.8333333333333334,0.9922879177377892,0.7287917737789202,0.8521570039849063,0.72,0.7469135802469136,0.8223662551440329,0.8585365853658536
kaggle,1,SMOTE,Random forest,0.9537275064267352,0.9845758354755784,0.9959568733153639,0.75,0.9884318766066837,0.9460154241645244,0.9946677923090648,0.08,0.9526748971193416,0.7735493827160493,0.8585365853658536
kaggle,1,SMOTE + rounding,XGBoost,0.9537275064267352,0.9640102827763496,0.9716981132075472,0.8055555555555556,0.9910025706940874,0.916452442159383,0.987367913244031,0.28,0.8950617283950617,0.7702057613168724,0.0
kaggle,1,SMOTE + rounding,Logistic regression,0.9537275064267352,0.8766066838046273,0.8773584905660378,0.8611111111111112,0.993573264781491,0.731362467866324,0.8529797582622373,0.74,0.742798353909465,0.8233333333333334,0.0
kaggle,1,SMOTE + rounding,Random forest,0.9537275064267352,0.9858611825192802,0.9851752021563343,1.0,1.0,0.9023136246786633,0.9903028991349516,0.18,0.9146090534979424,0.7682613168724279,0.0
kaggle,2,SMOTE,XGBoost,0.9370179948586118,0.9460154241645244,0.9862825788751715,0.3469387755102041,0.9588688946015425,0.9627249357326478,0.9909596156514959,0.12,0.9629629629629629,0.8124074074074074,0.840379403794038
kaggle,2,SMOTE,Logistic regression,0.9370179948586118,0.8329048843187661,0.8326474622770919,0.8367346938775511,0.9897172236503856,0.7455012853470437,0.8618070195148063,0.88,0.7386831275720165,0.8600823045267489,0.840379403794038
kaggle,2,SMOTE,Random forest,0.9370179948586118,0.9627249357326478,0.9917695473251029,0.5306122448979592,0.9704370179948586,0.9652956298200515,0.9935071801005809,0.06,0.9578189300411523,0.8046399176954733,0.840379403794038
kaggle,2,SMOTE + rounding,XGBoost,0.9370179948586118,0.9460154241645244,0.9602194787379973,0.7346938775510204,0.9832904884318766,0.9254498714652957,0.9859751785938501,0.3,0.9403292181069959,0.8192592592592592,0.0
kaggle,2,SMOTE + rounding,Logistic regression,0.9370179948586118,0.8303341902313625,0.8299039780521262,0.8367346938775511,0.9897172236503856,0.744215938303342,0.8618367576212158,0.86,0.7345679012345679,0.8610493827160494,0.0
kaggle,2,SMOTE + rounding,Random forest,0.9370179948586118,0.9781491002570694,0.9766803840877915,1.0,1.0,0.9280205655526992,0.9922135724717653,0.22,0.9228395061728395,0.8282510288065844,0.0
kaggle,3,SMOTE,XGBoost,0.9473007712082262,0.9550128534704371,0.9877883310719131,0.36585365853658536,0.9665809768637532,0.9704370179948586,0.9940061194414522,0.1,0.9753086419753086,0.7678189300411522,0.8623306233062331
kaggle,3,SMOTE,Logistic regression,0.9473007712082262,0.8239074550128535,0.8236092265943012,0.8292682926829268,0.9910025706940874,0.7802056555269923,0.8697867447347031,0.8,0.7232510288065843,0.8003497942386831,0.8623306233062331
kaggle,3,SMOTE,Random forest,0.9473007712082262,0.9691516709511568,0.9850746268656716,0.6829268292682927,0.9832904884318766,0.967866323907455,0.9949123056284322,0.06,0.9629629629629629,0.7432818930041152,0.8623306233062331
kaggle,3,SMOTE + rounding,XGBoost,0.9473007712082262,0.9485861182519281,0.9592944369063772,0.7560975609756098,0.987146529562982,0.929305912596401,0.9869978390309342,0.22,0.9310699588477366,0.7694444444444445,0.0
kaggle,3,SMOTE + rounding,Logistic regression,0.9473007712082262,0.8239074550128535,0.8236092265943012,0.8292682926829268,0.9910025706940874,0.781491002570694,0.8698363082453856,0.8,0.7211934156378601,0.8011522633744856,0.0
kaggle,3,SMOTE + rounding,Random forest,0.9473007712082262,0.9691516709511568,0.9715061058344641,0.926829268292683,0.9961439588688946,0.9305912596401028,0.9905226306989777,0.2,0.9094650205761317,0.7695987654320988,0.0
kaggle,4,SMOTE,XGBoost,0.9524421593830334,0.9498714652956298,0.9811066126855601,0.32432432432432434,0.9678663239074551,0.9691516709511568,0.9923936532272456,0.06,0.9588477366255144,0.7567901234567901,0.837669376693767
kaggle,4,SMOTE,Logistic regression,0.9524421593830334,0.8341902313624678,0.8340080971659919,0.8378378378378378,0.9922879177377892,0.7493573264781491,0.8533283549540381,0.88,0.7047325102880658,0.8664609053497943,0.837669376693767
kaggle,4,SMOTE,Random forest,0.9524421593830334,0.9730077120822622,0.9946018893387314,0.5405405405405406,0.9781491002570695,0.9562982005141388,0.9948164828411127,0.12,0.9516460905349794,0.7863477366255145,0.837669376693767
kaggle,4,SMOTE + rounding,XGBoost,0.9524421593830334,0.9524421593830334,0.9622132253711201,0.7567567567567568,0.9884318766066839,0.9318766066838047,0.9886400433515508,0.24,0.9094650205761317,0.7745884773662551,0.0
kaggle,4,SMOTE + rounding,Logistic regression,0.9524421593830334,0.8316195372750642,0.8326585695006747,0.8108108108108109,0.9910025706940874,0.7480719794344473,0.8529285426345319,0.88,0.7037037037037037,0.8669958847736625,0.0
kaggle,4,SMOTE + rounding,Random forest,0.9524421593830334,0.9845758354755784,0.9838056680161943,1.0,1.0,0.9125964010282777,0.9904408509063514,0.22,0.9156378600823045,0.8025617283950617,0.0
kaggle,5,SMOTE,XGBoost,0.9550128534704371,0.9601542416452442,0.9892328398384926,0.34285714285714286,0.9704370179948586,0.9588688946015425,0.9913561237369565,0.1,0.9567901234567902,0.7841563786008231,0.8184281842818428
kaggle,5,SMOTE,Logistic regression,0.9550128534704371,0.8560411311053985,0.8546433378196501,0.8857142857142857,0.9948586118251928,0.7287917737789202,0.8491518031205186,0.74,0.7407407407407407,0.8340329218106997,0.8184281842818428
kaggle,5,SMOTE,Random forest,0.9550128534704371,0.9691516709511568,0.9865410497981157,0.6,0.9820051413881749,0.955012853470437,0.9947867447347031,0.1,0.9609053497942387,0.8030658436213992,0.8184281842818428
kaggle,5,SMOTE + rounding,XGBoost,0.9550128534704371,0.9562982005141388,0.9650067294751009,0.7714285714285715,0.9897172236503856,0.9151670951156812,0.9847344387097626,0.38,0.897119341563786,0.7945267489711935,0.0
kaggle,5,SMOTE + rounding,Logistic regression,0.9550128534704371,0.8586118251928021,0.857335127860027,0.8857142857142857,0.9948586118251928,0.7262210796915167,0.8488279881840591,0.72,0.7438271604938271,0.8357201646090535,0.0
kaggle,5,SMOTE + rounding,Random forest,0.9550128534704371,0.9832904884318766,0.9825033647375505,1.0,1.0,0.9113110539845758,0.9924679984932693,0.3,0.9146090534979424,0.8073971193415638,0.0
kaggle,6,SMOTE,XGBoost,0.9421593830334191,0.9473007712082262,0.9822646657571623,0.37777777777777777,0.9640102827763496,0.9730077120822622,0.9914849888647314,0.18,0.9619341563786008,0.7736625514403292,0.8048780487804879
kaggle,6,SMOTE,Logistic regression,0.9421593830334191,0.8431876606683805,0.8472032742155525,0.7777777777777778,0.987146529562982,0.7403598971722365,0.8558544418818275,0.84,0.7489711934156379,0.8369958847736626,0.8048780487804879
kaggle,6,SMOTE,Random forest,0.9421593830334191,0.9794344473007712,0.9945429740791268,0.7333333333333333,0.9845758354755784,0.9627249357326478,0.9959110103686865,0.12,0.9650205761316872,0.783261316872428,0.8048780487804879
kaggle,6,SMOTE + rounding,XGBoost,0.9421593830334191,0.9473007712082262,0.9631650750341064,0.6888888888888889,0.9820051413881749,0.9318766066838047,0.9858661388703485,0.18,0.9259259259259259,0.76619341563786,0.0
kaggle,6,SMOTE + rounding,Logistic regression,0.9421593830334191,0.8431876606683805,0.8472032742155525,0.7777777777777778,0.987146529562982,0.7403598971722365,0.8548763886043577,0.84,0.7489711934156379,0.8375720164609053,0.0
kaggle,6,SMOTE + rounding,Random forest,0.9421593830334191,0.9794344473007712,0.9822646657571623,0.9333333333333333,0.9961439588688946,0.9215938303341902,0.9914775543381288,0.24,0.918724279835391,0.7926337448559672,0.0
kaggle,7,SMOTE,XGBoost,0.9550128534704371,0.9665809768637532,0.9892328398384926,0.4857142857142857,0.9768637532133676,0.9473007712082262,0.9932378850258722,0.12,0.9598765432098766,0.7927572016460905,0.8401084010840109
kaggle,7,SMOTE,Logistic regression,0.9550128534704371,0.8406169665809768,0.8465679676985195,0.7142857142857143,0.987146529562982,0.737789203084833,0.8524841231554113,0.84,0.7479423868312757,0.8579835390946502,0.8401084010840109
kaggle,7,SMOTE,Random forest,0.9550128534704371,0.974293059125964,0.990578734858681,0.6285714285714286,0.9832904884318766,0.9562982005141388,0.9951031251445603,0.14,0.9526748971193416,0.814701646090535,0.8401084010840109
kaggle,7,SMOTE + rounding,XGBoost,0.9550128534704371,0.9652956298200515,0.9730820995962315,0.8,0.9910025706940874,0.9280205655526992,0.9901236444379828,0.26,0.9310699588477366,0.8196707818930041,0.0
kaggle,7,SMOTE + rounding,Logistic regression,0.9550128534704371,0.8444730077120822,0.8492597577388964,0.7428571428571429,0.9884318766066839,0.7326478149100257,0.8519785753464489,0.84,0.7510288065843621,0.8586213991769548,0.0
kaggle,7,SMOTE + rounding,Random forest,0.9550128534704371,0.9820051413881749,0.9838492597577388,0.9428571428571428,0.9974293059125964,0.9074550128534704,0.99091418243337,0.28,0.918724279835391,0.8167695473251029,0.0
kaggle,8,SMOTE,XGBoost,0.9537275064267352,0.9575835475578406,0.9851752021563343,0.3888888888888889,0.9717223650385604,0.9627249357326478,0.99286450657873,0.06,0.9619341563786008,0.7551028806584362,0.846070460704607
kaggle,8,SMOTE,Logistic regression,0.9537275064267352,0.8611825192802056,0.8611859838274932,0.8611111111111112,0.993573264781491,0.7326478149100257,0.8598641298960488,0.8,0.7294238683127572,0.8420164609053499,0.846070460704607
kaggle,8,SMOTE,Random forest,0.9537275064267352,0.9704370179948586,0.9878706199460916,0.6111111111111112,0.9820051413881749,0.9601542416452442,0.9953245088256091,0.04,0.9537037037037037,0.7902880658436214,0.846070460704607
kaggle,8,SMOTE + rounding,XGBoost,0.9537275064267352,0.9434447300771208,0.9528301886792453,0.75,0.9884318766066837,0.9074550128534704,0.9845460973691689,0.26,0.9228395061728395,0.7481893004115225,0.0
kaggle,8,SMOTE + rounding,Logistic regression,0.9537275064267352,0.8624678663239075,0.862533692722372,0.8611111111111112,0.993573264781491,0.731362467866324,0.859689005491637,0.8,0.7294238683127572,0.8428395061728395,0.0
kaggle,8,SMOTE + rounding,Random forest,0.9537275064267352,0.9768637532133676,0.9757412398921833,1.0,1.0,0.9280205655526992,0.9918368897905776,0.18,0.9135802469135802,0.7908950617283952,0.0
kaggle,9,SMOTE,XGBoost,0.9498714652956298,0.9498714652956298,0.9810554803788903,0.358974358974359,0.967866323907455,0.9627249357326478,0.992537387408225,0.12,0.9619341563786008,0.7601851851851852,0.8596205962059621
kaggle,9,SMOTE,Logistic regression,0.9498714652956298,0.8521850899742931,0.851150202976996,0.8717948717948718,0.993573264781491,0.7352185089974292,0.8571596143298023,0.8,0.7448559670781894,0.8357818930041152,0.8596205962059621
kaggle,9,SMOTE,Random forest,0.9498714652956298,0.9640102827763496,0.9878213802435724,0.5128205128205128,0.9755784061696658,0.9460154241645244,0.9931709742864507,0.1,0.9526748971193416,0.7730246913580248,0.8596205962059621
kaggle,9,SMOTE + rounding,XGBoost,0.9498714652956298,0.9537275064267352,0.9580514208389715,0.8717948717948718,0.993573264781491,0.8958868894601543,0.9851491200824737,0.16,0.9238683127572016,0.7370576131687243,0.0
kaggle,9,SMOTE + rounding,Logistic regression,0.9498714652956298,0.8431876606683805,0.8416779431664412,0.8717948717948718,0.993573264781491,0.7352185089974292,0.8566986736804542,0.82,0.7458847736625515,0.836604938271605,0.0
kaggle,9,SMOTE + rounding,Random forest,0.9498714652956298,0.9858611825192802,0.9851150202976996,1.0,1.0,0.8958868894601543,0.9888696876177133,0.22,0.9207818930041153,0.7859670781893003,0.0
kaggle,10,SMOTE,XGBoost,0.9524421593830334,0.9562982005141388,0.979757085020243,0.4864864864864865,0.9755784061696658,0.9627249357326478,0.992910765855367,0.18,0.9578189300411523,0.7966666666666666,0.8563685636856369
kaggle,10,SMOTE,Logistic regression,0.9524421593830334,0.8174807197943444,0.8178137651821862,0.8108108108108109,0.9910025706940874,0.7532133676092545,0.8476582893319501,0.8,0.7366255144032922,0.8566255144032922,0.8563685636856369
kaggle,10,SMOTE,Random forest,0.9524421593830334,0.9717223650385605,0.9865047233468286,0.6756756756756757,0.9845758354755784,0.9704370179948586,0.9945711434632338,0.14,0.9506172839506173,0.8134156378600823,0.8563685636856369
kaggle,10,SMOTE + rounding,XGBoost,0.9524421593830334,0.9421593830334191,0.9568151147098516,0.6486486486486487,0.9832904884318766,0.9357326478149101,0.986639329636997,0.3,0.9156378600823045,0.8162345679012346,0.0
kaggle,10,SMOTE + rounding,Logistic regression,0.9524421593830334,0.8200514138817481,0.8191632928475033,0.8378378378378378,0.9922879177377892,0.7455012853470437,0.847598813119131,0.8,0.73559670781893,0.8586008230452675,0.0
kaggle,10,SMOTE + rounding,Random forest,0.9524421593830334,0.961439588688946,0.9649122807017544,0.8918918918918919,0.9948586118251928,0.9125964010282777,0.9886202179472777,0.32,0.9084362139917695,0.8243518518518518,0.0
kaggle,11,SMOTE,XGBoost,0.9447300771208226,0.9601542416452442,0.9918367346938776,0.4186046511627907,0.967866323907455,0.9485861182519281,0.9908324026407438,0.1,0.9639917695473251,0.8069341563786009,0.8303523035230352
kaggle,11,SMOTE,Logistic regression,0.9447300771208226,0.8637532133676092,0.8666666666666667,0.813953488372093,0.9897172236503856,0.7365038560411311,0.8607678379074948,0.74,0.7541152263374485,0.8330658436213991,0.8303523035230352
kaggle,11,SMOTE,Random forest,0.9447300771208226,0.9768637532133676,0.9945578231292517,0.6744186046511628,0.9820051413881747,0.9447300771208226,0.9943638027768783,0.14,0.9609053497942387,0.8011625514403292,0.8303523035230352
kaggle,11,SMOTE + rounding,XGBoost,0.9447300771208226,0.9473007712082262,0.9578231292517007,0.7674418604651163,0.987146529562982,0.9138817480719794,0.9840256805070017,0.26,0.9331275720164609,0.8258024691358025,0.0
kaggle,11,SMOTE + rounding,Logistic regression,0.9447300771208226,0.8637532133676092,0.8680272108843538,0.7906976744186046,0.9884318766066837,0.7326478149100257,0.860825662003291,0.74,0.7489711934156379,0.8337654320987654,0.0
kaggle,11,SMOTE + rounding,Random forest,0.9447300771208226,0.9794344473007712,0.9809523809523809,0.9534883720930233,0.9974293059125964,0.8984575835475579,0.9900022138368105,0.24,0.926954732510288,0.8026646090534979,0.0
kaggle,12,SMOTE,XGBoost,0.9447300771208226,0.9511568123393316,0.9863945578231292,0.3488372093023256,0.9640102827763496,0.9665809768637532,0.9905432821617622,0.12,0.9516460905349794,0.7815843621399177,0.8612466124661247
kaggle,12,SMOTE,Logistic regression,0.9447300771208226,0.8676092544987146,0.8693877551020408,0.8372093023255814,0.9910025706940874,0.7429305912596401,0.865387157103112,0.76,0.7448559670781894,0.8267901234567901,0.8612466124661247
kaggle,12,SMOTE,Random forest,0.9447300771208226,0.9665809768637532,0.9877551020408163,0.6046511627906976,0.9781491002570694,0.9575835475578406,0.9944389741014136,0.16,0.948559670781893,0.7999074074074073,0.8612466124661247
kaggle,12,SMOTE + rounding,XGBoost,0.9447300771208226,0.9305912596401028,0.9428571428571428,0.7209302325581395,0.9845758354755784,0.9215938303341902,0.9837547333152703,0.24,0.9290123456790124,0.782880658436214,0.0
kaggle,12,SMOTE + rounding,Logistic regression,0.9447300771208226,0.8688946015424165,0.8707482993197279,0.8372093023255814,0.9910025706940874,0.7416452442159382,0.8642719781127536,0.76,0.7438271604938271,0.8281893004115226,0.0
kaggle,12,SMOTE + rounding,Random forest,0.9447300771208226,0.974293059125964,0.9727891156462585,1.0,1.0,0.9023136246786633,0.9900492991719588,0.22,0.9074074074074074,0.7844341563786008,0.0
kaggle,13,SMOTE,XGBoost,0.9550128534704371,0.9485861182519281,0.9838492597577388,0.2,0.9640102827763497,0.967866323907455,0.9916815907904388,0.24,0.9681069958847737,0.8329423868312757,0.8598915989159892
kaggle,13,SMOTE,Logistic regression,0.9550128534704371,0.8161953727506427,0.8156123822341858,0.8285714285714286,0.9922879177377892,0.7480719794344473,0.8519339681868345,0.86,0.7510288065843621,0.8606172839506173,0.8598915989159892
kaggle,13,SMOTE,Random forest,0.9550128534704371,0.9691516709511568,0.9932705248990579,0.45714285714285713,0.9755784061696658,0.9627249357326478,0.9953608554001098,0.18,0.9588477366255144,0.8687654320987654,0.8598915989159892
kaggle,13,SMOTE + rounding,XGBoost,0.9550128534704371,0.9473007712082262,0.9582772543741588,0.7142857142857143,0.987146529562982,0.9215938303341902,0.9863122104664918,0.24,0.926954732510288,0.8374279835390948,0.0
kaggle,13,SMOTE + rounding,Logistic regression,0.9550128534704371,0.8149100257069408,0.8129205921938089,0.8571428571428571,0.993573264781491,0.7506426735218509,0.8526427263895956,0.86,0.7520576131687243,0.8624691358024691,0.0
kaggle,13,SMOTE + rounding,Random forest,0.9550128534704371,0.9781491002570694,0.9798115746971736,0.9428571428571428,0.9974293059125964,0.9151670951156812,0.9904945447095909,0.38,0.9197530864197531,0.873312757201646,0.0
kaggle,14,SMOTE,XGBoost,0.9537275064267352,0.961439588688946,0.9878706199460916,0.4166666666666667,0.9730077120822622,0.9575835475578406,0.9938904712498596,0.14,0.9670781893004116,0.79940329218107,0.824119241192412
kaggle,14,SMOTE,Logistic regression,0.9537275064267352,0.8239074550128535,0.8234501347708895,0.8333333333333334,0.9922879177377892,0.7699228791773779,0.865319420305179,0.8,0.7551440329218106,0.848312757201646,0.824119241192412
kaggle,14,SMOTE,Random forest,0.9537275064267352,0.974293059125964,0.9919137466307277,0.6111111111111112,0.9820051413881749,0.9588688946015425,0.9953013791872907,0.08,0.9619341563786008,0.803641975308642,0.824119241192412
kaggle,14,SMOTE + rounding,XGBoost,0.9537275064267352,0.961439588688946,0.9716981132075472,0.75,0.9884318766066837,0.9215938303341902,0.9873365230205986,0.3,0.9259259259259259,0.8214814814814814,0.0
kaggle,14,SMOTE + rounding,Logistic regression,0.9537275064267352,0.8264781491002571,0.8261455525606469,0.8333333333333334,0.9922879177377892,0.768637532133676,0.8648452627196491,0.8,0.7541152263374485,0.8509053497942387,0.0
kaggle,14,SMOTE + rounding,Random forest,0.9537275064267352,0.9832904884318766,0.9824797843665768,1.0,1.0,0.9177377892030848,0.9904540678425334,0.24,0.926954732510288,0.8168415637860081,0.0
kaggle,15,SMOTE,XGBoost,0.9498714652956298,0.9498714652956298,0.9824086603518268,0.3333333333333333,0.9665809768637532,0.9575835475578406,0.9915097706200725,0.06,0.9650205761316872,0.8010905349794238,0.8590785907859079
kaggle,15,SMOTE,Logistic regression,0.9498714652956298,0.8059125964010283,0.8078484438430311,0.7692307692307693,0.9884318766066839,0.7300771208226221,0.8361859887259533,0.82,0.757201646090535,0.8722222222222222,0.8590785907859079
kaggle,15,SMOTE,Random forest,0.9498714652956298,0.9704370179948586,0.986468200270636,0.6666666666666666,0.9832904884318766,0.9601542416452442,0.9950849518573099,0.06,0.9598765432098766,0.8332510288065843,0.8590785907859079
kaggle,15,SMOTE + rounding,XGBoost,0.9498714652956298,0.9524421593830334,0.9621109607577808,0.7692307692307693,0.9884318766066839,0.929305912596401,0.9877710297975826,0.24,0.934156378600823,0.8199588477366255,0.0
kaggle,15,SMOTE + rounding,Logistic regression,0.9498714652956298,0.8071979434447301,0.8092016238159675,0.7692307692307693,0.9884318766066839,0.731362467866324,0.8362471170557952,0.82,0.7561728395061729,0.8726954732510288,0.0
kaggle,15,SMOTE + rounding,Random forest,0.9498714652956298,0.9845758354755784,0.9837618403247632,1.0,1.0,0.9151670951156812,0.9924176089240754,0.16,0.9084362139917695,0.8335596707818931,0.0
kaggle,16,SMOTE,XGBoost,0.9357326478149101,0.961439588688946,0.9903846153846154,0.54,0.9704370179948586,0.9601542416452442,0.9924349561528143,0.14,0.9639917695473251,0.7756995884773662,0.8401084010840109
kaggle,16,SMOTE,Logistic regression,0.9357326478149101,0.8264781491002571,0.8241758241758241,0.86,0.9910025706940874,0.7583547557840618,0.8641860680275705,0.76,0.7438271604938271,0.8312962962962963,0.8401084010840109
kaggle,16,SMOTE,Random forest,0.9357326478149101,0.9601542416452442,0.9917582417582418,0.5,0.967866323907455,0.9704370179948586,0.9948668724103066,0.1,0.9547325102880658,0.7867181069958848,0.8401084010840109
kaggle,16,SMOTE + rounding,XGBoost,0.9357326478149101,0.9473007712082262,0.9574175824175825,0.8,0.987146529562982,0.9151670951156812,0.9865468110837227,0.28,0.9094650205761317,0.7730041152263374,0.0
kaggle,16,SMOTE + rounding,Logistic regression,0.9357326478149101,0.8264781491002571,0.8228021978021978,0.88,0.9922879177377892,0.7609254498714653,0.863875470027293,0.76,0.7438271604938271,0.8318930041152264,0.0
kaggle,16,SMOTE + rounding,Random forest,0.9357326478149101,0.9755784061696658,0.9752747252747253,0.98,0.9987146529562982,0.9190231362467867,0.9908001863588001,0.28,0.918724279835391,0.7835699588477367,0.0
kaggle,17,SMOTE,XGBoost,0.9511568123393316,0.9640102827763496,0.9905405405405405,0.4473684210526316,0.9730077120822622,0.955012853470437,0.9923226121952671,0.14,0.9629629629629629,0.7991975308641975,0.8544715447154472
kaggle,17,SMOTE,Logistic regression,0.9511568123393316,0.8264781491002571,0.8256756756756757,0.8421052631578947,0.9922879177377892,0.7223650385604112,0.8331560061062246,0.8,0.742798353909465,0.8590329218106996,0.8544715447154472
kaggle,17,SMOTE,Random forest,0.9511568123393316,0.9781491002570694,0.9945945945945946,0.6578947368421053,0.9832904884318766,0.9562982005141388,0.9942349376491036,0.06,0.9598765432098766,0.8067283950617283,0.8544715447154472
kaggle,17,SMOTE + rounding,XGBoost,0.9511568123393316,0.9601542416452442,0.9635135135135136,0.8947368421052632,0.9948586118251928,0.9241645244215938,0.9869350585840696,0.22,0.9362139917695473,0.7920781893004115,0.0
kaggle,17,SMOTE + rounding,Logistic regression,0.9511568123393316,0.8264781491002571,0.8256756756756757,0.8421052631578947,0.9922879177377892,0.7210796915167095,0.8328734940953337,0.8,0.7458847736625515,0.8594444444444445,0.0
kaggle,17,SMOTE + rounding,Random forest,0.9511568123393316,0.974293059125964,0.972972972972973,1.0,1.0,0.9087403598971723,0.9883971821492059,0.16,0.926954732510288,0.7726131687242799,0.0
kaggle,18,SMOTE,XGBoost,0.9460154241645244,0.9550128534704371,0.9877717391304348,0.38095238095238093,0.9665809768637532,0.967866323907455,0.9927092075785913,0.06,0.9732510288065843,0.7855761316872427,0.8414634146341463
kaggle,18,SMOTE,Logistic regression,0.9460154241645244,0.8624678663239075,0.8641304347826086,0.8333333333333334,0.9910025706940874,0.7480719794344473,0.8648023076770575,0.8,0.7345679012345679,0.8537448559670782,0.8414634146341463
kaggle,18,SMOTE,Random forest,0.9460154241645244,0.9665809768637532,0.9864130434782609,0.6190476190476191,0.9794344473007712,0.9640102827763496,0.9950172150593771,0.12,0.9609053497942387,0.7894753086419752,0.8414634146341463
kaggle,18,SMOTE + rounding,XGBoost,0.9460154241645244,0.9562982005141388,0.967391304347826,0.7619047619047619,0.987146529562982,0.9370179948586118,0.9887986465857349,0.16,0.9207818930041153,0.7619341563786007,0.0
kaggle,18,SMOTE + rounding,Logistic regression,0.9460154241645244,0.8611825192802056,0.8627717391304348,0.8333333333333334,0.9910025706940874,0.744215938303342,0.864129896048797,0.82,0.7314814814814815,0.8536213991769547,0.0
kaggle,18,SMOTE + rounding,Random forest,0.9460154241645244,0.9845758354755784,0.9864130434782609,0.9523809523809523,0.9974293059125964,0.929305912596401,0.9925415177007818,0.22,0.9310699588477366,0.7897530864197531,0.0
kaggle,19,SMOTE,XGBoost,0.9473007712082262,0.9562982005141388,0.9864314789687924,0.4146341463414634,0.9691516709511568,0.9524421593830334,0.9913247335135242,0.14,0.9660493827160493,0.7711316872427983,0.870460704607046
kaggle,19,SMOTE,Logistic regression,0.9473007712082262,0.8329048843187661,0.830393487109905,0.8780487804878049,0.993573264781491,0.7403598971722365,0.8548103039234475,0.78,0.7325102880658436,0.8200411522633745,0.870460704607046
kaggle,19,SMOTE,Random forest,0.9473007712082262,0.9691516709511568,0.9877883310719131,0.6341463414634146,0.980719794344473,0.9691516709511568,0.9958581426239583,0.1,0.9547325102880658,0.7717078189300411,0.870460704607046
kaggle,19,SMOTE + rounding,XGBoost,0.9473007712082262,0.9305912596401028,0.9511533242876526,0.5609756097560976,0.9768637532133676,0.9151670951156812,0.983875337857931,0.26,0.9331275720164609,0.7824897119341563,0.0
kaggle,19,SMOTE + rounding,Logistic regression,0.9473007712082262,0.8329048843187661,0.830393487109905,0.8780487804878049,0.993573264781491,0.7416452442159382,0.8541164147738912,0.78,0.7335390946502057,0.8203086419753085,0.0
kaggle,19,SMOTE + rounding,Random forest,0.9473007712082262,0.980719794344473,0.9796472184531886,1.0,1.0,0.9177377892030848,0.9917286761255873,0.26,0.9259259259259259,0.7722942386831275,0.0
brfss2023,42,SMOTE,XGBoost,0.9563029020556227,0.956348246674728,0.9989410295721444,0.024213075060532687,0.9573609431680774,0.9985792019347037,0.992733386456233,0.021798365122615803,0.9987545344619105,0.8257459070406479,0.999775401035686
brfss2023,42,SMOTE,Logistic regression,0.9563029020556227,0.7846735187424425,0.7853925303071014,0.7689380837080595,0.9899032648125756,0.7363361547762999,0.8368767470289314,0.7520435967302452,0.7408464328899638,0.8225223798964775,0.999775401035686
brfss2023,42,SMOTE,Random forest,0.9563029020556227,0.9587666263603386,0.9997471115396166,0.06191629194050501,0.9590084643288996,0.9992442563482467,0.9962846451806402,0.008446866485013624,0.9994437726723095,0.8143351679851338,0.999775401035686
brfss2023,42,SMOTE + rounding,XGBoost,0.9563029020556227,0.8840386940749698,0.904787494665634,0.4299550328606019,0.9750906892382104,0.9017230955259976,0.9625756111471366,0.36021798365122615,0.9037605804111245,0.7837326619638957,0.0
brfss2023,42,SMOTE + rounding,Logistic regression,0.9563029020556227,0.7797914147521161,0.7802715389843368,0.7692839847803529,0.9899183796856107,0.7349607013301088,0.8353052720019183,0.7534059945504087,0.740241837968561,0.8228978218108852,0.0
brfss2023,42,SMOTE + rounding,Random forest,0.9563029020556227,0.9912182587666264,0.9910540707139357,0.9948114839156001,0.999773276904474,0.9567865779927449,0.9982748566782883,0.22833787465940056,0.9585247883917775,0.806757162061092,0.0
brfss2023,7,SMOTE,XGBoost,0.9555925030229746,0.9557436517533253,0.9990509632722786,0.023825731790333562,0.9566505441354293,0.9987001209189843,0.9924510477787167,0.021525885558583105,0.9984764207980653,0.8311586460368555,0.9997880544984642
brfss2023,7,SMOTE,Logistic regression,0.9555925030229746,0.7830108827085852,0.7845528455284553,0.7498298162014976,0.9888905683192262,0.7373035066505441,0.8369431734233378,0.767574931880109,0.735671100362757,0.8259815656207887,0.9997880544984642
brfss2023,7,SMOTE,Random forest,0.9555925030229746,0.9584945586457074,0.9998101926544557,0.06943498978897208,0.9586759371221282,0.998881499395405,0.995995690776199,0.013623978201634877,0.9989238210399033,0.8161271099044839,0.9997880544984642
brfss2023,7,SMOTE + rounding,XGBoost,0.9555925030229746,0.8810761789600967,0.9019961405839739,0.4309053778080327,0.9747279322853688,0.8992140266021765,0.9620193968416313,0.3760217983651226,0.8973639661426844,0.7805910269547196,0.0
brfss2023,7,SMOTE + rounding,Logistic regression,0.9555925030229746,0.7789298669891173,0.7802663629749138,0.7501701837985024,0.9889056831922611,0.7363210399032648,0.8354506034709013,0.7667574931880109,0.7345707376058042,0.8260349445980185,0.0
brfss2023,7,SMOTE + rounding,Random forest,0.9555925030229746,0.9921704957678356,0.9919806396507544,0.9962559564329476,0.9998337363966143,0.9571644498186215,0.9985156268276751,0.24087193460490464,0.9561064087061669,0.8072219209315046,0.0
brfss2023,123,SMOTE,XGBoost,0.9561064087061669,0.9560006045949214,0.9988775768306564,0.02203856749311295,0.9570737605804112,0.9986698911729142,0.992815236829225,0.017438692098092644,0.9987061668681984,0.8279042351297655,0.9997912178641587
brfss2023,123,SMOTE,Logistic regression,0.9561064087061669,0.782058645707376,0.7824712280257999,0.7730716253443526,0.9900392986698912,0.7375755743651753,0.8360583020130745,0.7653950953678474,0.7373881499395405,0.8275506821873486,0.9997912178641587
brfss2023,123,SMOTE,Random forest,0.9561064087061669,0.959084038694075,0.9997786771215379,0.07265840220385675,0.959295646916566,0.9992291414752116,0.9963142128514071,0.009809264305177113,0.9992503022974607,0.8154903347182456,0.9997912178641587
brfss2023,123,SMOTE + rounding,XGBoost,0.9561064087061669,0.8842351874244256,0.9056057923359049,0.418732782369146,0.9744860943168078,0.9022370012091898,0.9634359350532,0.3555858310626703,0.9040386940749697,0.7803246592358052,0.0
brfss2023,123,SMOTE + rounding,Logistic regression,0.9561064087061669,0.7782345828295042,0.7783925635512837,0.7747933884297521,0.9901148730350665,0.7370616686819831,0.8344574164953527,0.7653950953678474,0.7369891172914147,0.8277919468615428,0.0
brfss2023,123,SMOTE + rounding,Random forest,0.9561064087061669,0.9906590084643289,0.9905147337801947,0.993801652892562,0.9997279322853688,0.9589026602176541,0.9982922569447998,0.2245231607629428,0.9578476420798065,0.8060687244859296,0.0
