oversampler,prevalence,alpha,s_formula,s_counts,s_test_split,reported_sensitivity,reported_precision,r_syn,r_real,actual_sensitivity,abs_error
ADASYN,0.01,0.5,0.9798,0.9796,0.9801,0.9797,0.999,0.9991,0.0258,0.0025,0.0009
ADASYN,0.01,1.0,0.9899,0.9899,0.9903,0.99,0.9998,0.9996,0.0211,0.0014,0.0006
ADASYN,0.02,0.5,0.9592,0.9594,0.9634,0.9623,0.9978,0.9984,0.012,0.0095,0.0035
ADASYN,0.02,1.0,0.9796,0.9796,0.9814,0.9812,0.9987,0.9997,0.0091,0.0103,0.0016
ADASYN,0.05,0.5,0.8947,0.8971,0.9002,0.9049,0.9885,0.9988,0.0582,0.044,0.0078
ADASYN,0.05,1.0,0.9474,0.9479,0.95,0.9525,0.9945,0.9991,0.0668,0.051,0.0046
ADASYN,0.1,0.5,0.7778,0.7846,0.7853,0.8162,0.954,0.9985,0.1493,0.1437,0.0316
ADASYN,0.1,1.0,0.8889,0.8864,0.8868,0.9031,0.9796,0.9993,0.1497,0.145,0.0167
ADASYN,0.2,0.5,0.5,0.5182,0.5242,0.6961,0.8515,0.9962,0.3656,0.3494,0.1779
ADASYN,0.2,1.0,0.75,0.7611,0.7609,0.8481,0.9321,0.9988,0.3689,0.3533,0.0871
Borderline-SMOTE,0.01,0.5,0.9798,0.9798,0.9807,0.9815,0.9989,0.9998,0.0476,0.0034,0.0017
Borderline-SMOTE,0.01,1.0,0.9899,0.9899,0.9903,0.9907,0.9996,0.9997,0.0734,0.0048,0.0009
Borderline-SMOTE,0.02,0.5,0.9592,0.9592,0.963,0.9635,0.9972,0.9989,0.041,0.0124,0.0043
Borderline-SMOTE,0.02,1.0,0.9796,0.9796,0.9814,0.9815,0.9986,0.9996,0.0298,0.011,0.0019
Borderline-SMOTE,0.05,0.5,0.8947,0.8947,0.8968,0.9023,0.9885,0.9991,0.0604,0.051,0.0075
Borderline-SMOTE,0.05,1.0,0.9474,0.9474,0.9496,0.9525,0.9936,0.9994,0.0698,0.0506,0.0051
Borderline-SMOTE,0.1,0.5,0.7778,0.7778,0.7763,0.8103,0.9528,0.9982,0.158,0.1489,0.0325
Borderline-SMOTE,0.1,1.0,0.8889,0.8889,0.888,0.9049,0.9785,0.999,0.1588,0.1465,0.016
Borderline-SMOTE,0.2,0.5,0.5,0.5,0.508,0.6907,0.842,0.9971,0.3745,0.3535,0.1907
Borderline-SMOTE,0.2,1.0,0.75,0.75,0.753,0.8467,0.9271,0.9988,0.3833,0.352,0.0967
Random oversampling,0.01,0.5,0.9798,0.9798,0.9807,1.0,0.9895,1.0,1.0,0.0275,0.0202
Random oversampling,0.01,1.0,0.9899,0.9899,0.9903,1.0,0.9899,1.0,1.0,0.0398,0.0101
Random oversampling,0.02,0.5,0.9592,0.9592,0.963,0.9895,0.9544,0.9896,0.989,0.1088,0.0304
Random oversampling,0.02,1.0,0.9796,0.9796,0.9814,0.9992,0.9607,0.9992,1.0,0.1627,0.0196
Random oversampling,0.05,0.5,0.8947,0.8947,0.8968,0.9115,0.8749,0.9129,0.8997,0.2835,0.0168
Random oversampling,0.05,1.0,0.9474,0.9474,0.9496,0.9767,0.8885,0.9768,0.975,0.4224,0.0293
Random oversampling,0.1,0.5,0.7778,0.7778,0.7763,0.8082,0.8057,0.8249,0.7504,0.4088,0.0305
Random oversampling,0.1,1.0,0.8889,0.8889,0.888,0.9265,0.8411,0.9286,0.9103,0.5773,0.0376
Random oversampling,0.2,0.5,0.5,0.5,0.508,0.6903,0.7357,0.7311,0.6482,0.5138,0.1903
Random oversampling,0.2,1.0,0.75,0.75,0.753,0.8746,0.7979,0.8831,0.8488,0.6845,0.1246
SMOTE,0.01,0.5,0.9798,0.9798,0.9807,0.9801,0.9989,0.9991,0.0131,0.0021,0.0007
SMOTE,0.01,1.0,0.9899,0.9899,0.9903,0.9902,0.9997,0.9995,0.0472,0.0024,0.0008
SMOTE,0.02,0.5,0.9592,0.9592,0.963,0.9622,0.9985,0.9983,0.0209,0.0094,0.003
SMOTE,0.02,1.0,0.9796,0.9796,0.9814,0.981,0.9991,0.9993,0.0183,0.0098,0.0014
SMOTE,0.05,0.5,0.8947,0.8947,0.8968,0.9022,0.9909,0.9993,0.0579,0.0473,0.0075
SMOTE,0.05,1.0,0.9474,0.9474,0.9496,0.9518,0.994,0.9991,0.0608,0.0515,0.0044
SMOTE,0.1,0.5,0.7778,0.7778,0.7763,0.8107,0.9526,0.9986,0.1588,0.1494,0.033
SMOTE,0.1,1.0,0.8889,0.8889,0.888,0.9042,0.9801,0.999,0.1522,0.145,0.0153
SMOTE,0.2,0.5,0.5,0.5,0.508,0.6871,0.8432,0.9975,0.3666,0.3562,0.1871
SMOTE,0.2,1.0,0.75,0.75,0.753,0.8419,0.9278,0.9983,0.3651,0.3557,0.0919
