prevalence,alpha,oversampler,rep,s_formula,s_counts,s_test_split,reported_sensitivity,reported_precision,r_syn,r_real,actual_sensitivity
0.01,0.5,Random oversampling,0,0.9797979797979798,0.9797979797979798,0.9795454545454545,1.0,0.9914872308462694,1.0,1.0,0.025885558583106268
0.01,0.5,SMOTE,0,0.9797979797979798,0.9797979797979798,0.9795454545454545,0.9792929292929293,0.9984552008238929,0.9994844031967002,0.012345679012345678,0.002452316076294278
0.01,0.5,Borderline-SMOTE,0,0.9797979797979798,0.9797979797979798,0.9795454545454545,0.9808080808080808,0.9984575835475579,1.0,0.06172839506172839,0.005994550408719346
0.01,0.5,ADASYN,0,0.9797979797979798,0.9796126401630989,0.9791029561671764,0.9788481141692151,0.9984403431245126,0.9994794377928162,0.012195121951219513,0.0016348773841961854
0.01,1.0,Random oversampling,0,0.98989898989899,0.98989898989899,0.989520202020202,1.0,0.9926055896728914,1.0,1.0,0.033787465940054495
0.01,1.0,SMOTE,0,0.98989898989899,0.98989898989899,0.989520202020202,0.9892676767676768,0.9996172492982904,0.9994896006124793,0.024096385542168676,0.003542234332425068
0.01,1.0,Borderline-SMOTE,0,0.98989898989899,0.98989898989899,0.989520202020202,0.9896464646464647,0.9993624888435547,0.9996172004593594,0.04819277108433735,0.006811989100817439
0.01,1.0,ADASYN,0,0.98989898989899,0.9899079096757916,0.9895294562886338,0.989151002901476,0.9998724815098189,0.9996175420703722,0.0,0.0021798365122615805
0.01,0.5,Random oversampling,1,0.9797979797979798,0.9797979797979798,0.9813131313131314,1.0,0.9880239520958084,1.0,1.0,0.027247956403269755
0.01,0.5,SMOTE,1,0.9797979797979798,0.9797979797979798,0.9813131313131314,0.9805555555555555,0.998970928736815,0.9989706639217705,0.013513513513513514,0.0005449591280653951
0.01,0.5,Borderline-SMOTE,1,0.9797979797979798,0.9797979797979798,0.9813131313131314,0.9818181818181818,0.9992289899768697,0.9997426659804426,0.04054054054054054,0.0016348773841961854
0.01,0.5,ADASYN,1,0.9797979797979798,0.9796644636502287,0.9806812404677173,0.9791560752414845,0.9997404619776797,0.9981855883877657,0.013157894736842105,0.0021798365122615805
0.01,1.0,Random oversampling,1,0.98989898989899,0.98989898989899,0.9912878787878788,1.0,0.9851971638263466,1.0,1.0,0.04877384196185286
0.01,1.0,SMOTE,1,0.98989898989899,0.98989898989899,0.9912878787878788,0.9910353535353535,0.9998726114649682,0.9994905107629601,0.028985507246376812,0.0016348773841961854
0.01,1.0,Borderline-SMOTE,1,0.98989898989899,0.98989898989899,0.9912878787878788,0.9914141414141414,0.9998726601298866,0.9996178830722201,0.057971014492753624,0.0016348773841961854
0.01,1.0,ADASYN,1,0.98989898989899,0.9899178303170842,0.9911783238815375,0.9908002520478891,0.9997456765005086,0.9996185632549269,0.0,0.0010899182561307902
0.01,0.5,Random oversampling,2,0.9797979797979798,0.9797979797979798,0.9813131313131314,1.0,0.989010989010989,1.0,1.0,0.029427792915531336
0.01,0.5,SMOTE,2,0.9797979797979798,0.9797979797979798,0.9813131313131314,0.9805555555555555,0.9992279979413279,0.9989706639217705,0.013513513513513514,0.0032697547683923707
0.01,0.5,Borderline-SMOTE,2,0.9797979797979798,0.9797979797979798,0.9813131313131314,0.9818181818181818,0.998972250770812,0.9997426659804426,0.04054054054054054,0.002452316076294278
0.01,0.5,ADASYN,2,0.9797979797979798,0.9796644636502287,0.9804270462633452,0.9811896288764617,0.9989648033126294,0.9997407311381903,0.05194805194805195,0.0038147138964577656
0.01,1.0,Random oversampling,2,0.98989898989899,0.98989898989899,0.9900252525252525,1.0,0.9918597370068879,1.0,1.0,0.03678474114441417
0.01,1.0,SMOTE,2,0.98989898989899,0.98989898989899,0.9900252525252525,0.9904040404040404,0.9996176882885179,0.999489860987119,0.08860759493670886,0.0019073569482288828
0.01,1.0,Borderline-SMOTE,2,0.98989898989899,0.98989898989899,0.9900252525252525,0.990909090909091,0.9996178830722201,0.9997449304935595,0.11392405063291139,0.005994550408719346
0.01,1.0,ADASYN,2,0.98989898989899,0.989918592635532,0.9900453629032258,0.9901713709677419,0.9998727573482631,0.9994908998345424,0.06329113924050633,0.0008174386920980927
0.02,0.5,Random oversampling,0,0.9591836734693877,0.9591836734693877,0.9622448979591837,0.9872448979591837,0.9534368070953437,0.9872746553552492,0.9864864864864865,0.11498637602179837
0.02,0.5,SMOTE,0,0.9591836734693877,0.9591836734693877,0.9622448979591837,0.9614795918367347,0.9989398356745296,0.9981442205726405,0.02702702702702703,0.010899182561307902
0.02,0.5,Borderline-SMOTE,0,0.9591836734693877,0.9591836734693877,0.9622448979591837,0.9622448979591837,0.9968287526427061,0.9989395546129375,0.02702702702702703,0.012806539509536785
0.02,0.5,ADASYN,0,0.9591836734693877,0.9591732584843072,0.9622352640979842,0.9622352640979842,0.9976190476190476,0.9994696367011403,0.013513513513513514,0.00790190735694823
0.02,1.0,Random oversampling,0,0.9795918367346939,0.9795918367346939,0.9809948979591837,0.999234693877551,0.9620532973105735,0.9992198673774542,1.0,0.1760217983651226
0.02,1.0,SMOTE,0,0.9795918367346939,0.9795918367346939,0.9809948979591837,0.9807397959183674,0.999350142968547,0.9993498894812118,0.020134228187919462,0.007084468664850136
0.02,1.0,Borderline-SMOTE,0,0.9795918367346939,0.9795918367346939,0.9809948979591837,0.9807397959183674,0.9984417608102844,0.9996099336887271,0.006711409395973154,0.011444141689373298
0.02,1.0,ADASYN,0,0.9795918367346939,0.9795835034708044,0.9808600229679725,0.9806048232742121,0.9993498049414824,0.999479640952257,0.013333333333333334,0.009536784741144414
0.02,0.5,Random oversampling,1,0.9591836734693877,0.9591836734693877,0.9607142857142857,0.9887755102040816,0.9601189001733961,0.9891131173659055,0.9805194805194806,0.10108991825613078
0.02,0.5,SMOTE,1,0.9591836734693877,0.9591836734693877,0.9607142857142857,0.9599489795918368,0.9989381470666313,0.998672331386086,0.012987012987012988,0.006811989100817439
0.02,0.5,Borderline-SMOTE,1,0.9591836734693877,0.9591836734693877,0.9607142857142857,0.9625,0.9981481481481481,0.9994689325544344,0.05844155844155844,0.0111716621253406
0.02,0.5,ADASYN,1,0.9591836734693877,0.9594834135224107,0.9615092428462902,0.958470498860471,0.9989443124835049,0.9968396102185936,0.0,0.008174386920980926
0.02,1.0,Random oversampling,1,0.9795918367346939,0.9795918367346939,0.98125,0.9983418367346939,0.9645101663585952,0.9983101520863122,1.0,0.1446866485013624
0.02,1.0,SMOTE,1,0.9795918367346939,0.9795918367346939,0.98125,0.9808673469387755,0.9996100350968413,0.9993500584947355,0.013605442176870748,0.010081743869209809
0.02,1.0,Borderline-SMOTE,1,0.9795918367346939,0.9795918367346939,0.98125,0.9816326530612245,0.9987023098883987,0.9993500584947355,0.05442176870748299,0.008174386920980926
0.02,1.0,ADASYN,1,0.9795918367346939,0.9797252775102641,0.981500253421186,0.9811201216421693,0.9987101767057913,0.9996127033307514,0.0,0.007356948228882834
0.02,0.5,Random oversampling,2,0.9591836734693877,0.9591836734693877,0.9660714285714286,0.9926020408163265,0.9497193068098608,0.9923422233958278,1.0,0.11035422343324251
0.02,0.5,SMOTE,2,0.9591836734693877,0.9591836734693877,0.9660714285714286,0.9650510204081633,0.997626582278481,0.9981515711645101,0.022556390977443608,0.010354223433242507
0.02,0.5,Borderline-SMOTE,2,0.9591836734693877,0.9591836734693877,0.9660714285714286,0.9658163265306122,0.9965780468544354,0.998415632426723,0.03759398496240601,0.01335149863760218
0.02,0.5,ADASYN,2,0.9591836734693877,0.9596163553760727,0.9664310954063604,0.9661786976274609,0.996875,0.9989553408200574,0.022556390977443608,0.012534059945504087
0.02,1.0,Random oversampling,2,0.9795918367346939,0.9795918367346939,0.9818877551020408,1.0,0.9553984889105532,1.0,1.0,0.1673024523160763
0.02,1.0,SMOTE,2,0.9795918367346939,0.9795918367346939,0.9818877551020408,0.9813775510204081,0.9983132217464643,0.9990906729020524,0.02112676056338028,0.01226158038147139
0.02,1.0,Borderline-SMOTE,2,0.9795918367346939,0.9795918367346939,0.9818877551020408,0.9821428571428571,0.9985734664764622,0.9997401922577293,0.028169014084507043,0.01335149863760218
0.02,1.0,ADASYN,2,0.9795918367346939,0.979392065945389,0.9817104585265327,0.981839258114374,0.9980361351139042,0.9998688008396747,0.014084507042253521,0.013896457765667575
0.05,0.5,Random oversampling,0,0.8947368421052632,0.8947368421052632,0.8976315789473684,0.9060526315789473,0.8729716024340771,0.9064790384051598,0.9023136246786633,0.291008174386921
0.05,0.5,SMOTE,0,0.8947368421052632,0.8947368421052632,0.8976315789473684,0.9034210526315789,0.991336991048224,0.9988273233655819,0.06683804627249357,0.05367847411444142
0.05,0.5,Borderline-SMOTE,0,0.8947368421052632,0.8947368421052632,0.8976315789473684,0.905,0.9882183908045977,0.9985341542069774,0.08483290488431877,0.058310626702997276
0.05,0.5,ADASYN,0,0.8947368421052632,0.8970875784707214,0.8976074093130949,0.9035245690764085,0.9887387387387387,0.998566924620235,0.07035175879396985,0.04577656675749319
0.05,1.0,Random oversampling,0,0.9473684210526315,0.9473684210526315,0.9506578947368421,0.9768421052631578,0.8951048951048951,0.9766089965397924,0.9813333333333333,0.4138964577656676
0.05,1.0,SMOTE,0,0.9473684210526315,0.9473684210526315,0.9506578947368421,0.9523684210526315,0.9925946242457487,0.9987543252595156,0.058666666666666666,0.05776566757493188
0.05,1.0,Borderline-SMOTE,0,0.9473684210526315,0.9473684210526315,0.9506578947368421,0.954078947368421,0.9927437020810514,0.9993079584775086,0.08266666666666667,0.054768392370572204
0.05,1.0,ADASYN,0,0.9473684210526315,0.9481327800829875,0.9498184647302904,0.9530601659751037,0.9932432432432432,0.9991808873720136,0.08010335917312661,0.05885558583106267
0.05,0.5,Random oversampling,1,0.8947368421052632,0.8947368421052632,0.8981578947368422,0.908157894736842,0.8785641547861507,0.9091708174626428,0.8992248062015504,0.27465940054495913
0.05,0.5,SMOTE,1,0.8947368421052632,0.8947368421052632,0.8981578947368422,0.9034210526315789,0.9904789382573572,0.9994140052739525,0.056847545219638244,0.04741144414168937
0.05,0.5,Borderline-SMOTE,1,0.8947368421052632,0.8947368421052632,0.8981578947368422,0.9021052631578947,0.9890363531448355,0.9991210079109288,0.046511627906976744,0.047683923705722074
0.05,0.5,ADASYN,1,0.8947368421052632,0.8976563299559922,0.904579176259913,0.9081606548989511,0.9883073496659243,0.998868778280543,0.04825737265415549,0.04059945504087194
0.05,1.0,Random oversampling,1,0.9473684210526315,0.9473684210526315,0.9481578947368421,0.975,0.8846704871060171,0.97571468220927,0.9619289340101523,0.44032697547683924
0.05,1.0,SMOTE,1,0.9473684210526315,0.9473684210526315,0.9481578947368421,0.950921052631579,0.9951803910768383,0.9994449070219261,0.06345177664974619,0.04114441416893733
0.05,1.0,Borderline-SMOTE,1,0.9473684210526315,0.9473684210526315,0.9481578947368421,0.95,0.9940795814401763,0.9988898140438524,0.05583756345177665,0.046866485013623976
0.05,1.0,ADASYN,1,0.9473684210526315,0.9476987447698745,0.9493985355648535,0.9516213389121339,0.9945340256900792,0.9991736675389065,0.059431524547803614,0.04659400544959128
0.05,0.5,Random oversampling,2,0.8947368421052632,0.8947368421052632,0.8947368421052632,0.9202631578947369,0.8731585518102372,0.9229411764705883,0.8975,0.2847411444141689
0.05,0.5,SMOTE,2,0.8947368421052632,0.8947368421052632,0.8947368421052632,0.8997368421052632,0.9910144927536232,0.9997058823529412,0.05,0.04087193460490463
0.05,0.5,Borderline-SMOTE,2,0.8947368421052632,0.8947368421052632,0.8947368421052632,0.8997368421052632,0.988150289017341,0.9997058823529412,0.05,0.046866485013623976
0.05,0.5,ADASYN,2,0.8947368421052632,0.8966621886948435,0.8984758460346164,0.9031258072849393,0.988408255583828,0.9988499137435307,0.05597964376590331,0.04550408719346049
0.05,1.0,Random oversampling,2,0.9473684210526315,0.9473684210526315,0.9498684210526316,0.9781578947368421,0.8857381150959133,0.9779747887519047,0.9816272965879265,0.4130790190735695
0.05,1.0,SMOTE,2,0.9473684210526315,0.9473684210526315,0.9498684210526316,0.9521052631578948,0.9940925951366946,0.999168859952902,0.06036745406824147,0.0555858310626703
0.05,1.0,Borderline-SMOTE,2,0.9473684210526315,0.9473684210526315,0.9498684210526316,0.9532894736842106,0.9940998902305159,0.999861476658817,0.07086614173228346,0.05013623978201635
0.05,1.0,ADASYN,2,0.9473684210526315,0.9478949562317632,0.9508922756285008,0.9528461638660936,0.9956444807404383,0.9989041095890411,0.0610079575596817,0.047683923705722074
0.1,0.5,Random oversampling,0,0.7777777777777778,0.7777777777777778,0.7780555555555555,0.8186111111111111,0.8183837822826993,0.8372009996429847,0.753441802252816,0.3986376021798365
0.1,0.5,SMOTE,0,0.7777777777777778,0.7777777777777778,0.7780555555555555,0.8111111111111111,0.9526916802610114,0.9982149232416994,0.15519399249061328,0.14604904632152588
0.1,0.5,Borderline-SMOTE,0,0.7777777777777778,0.7777777777777778,0.7780555555555555,0.8119444444444445,0.958989501312336,0.9992859692966798,0.15519399249061328,0.144141689373297
0.1,0.5,ADASYN,0,0.7777777777777778,0.7953231336028246,0.7994371962138654,0.8286006651317472,0.9580005915409642,0.99872,0.15051020408163265,0.1427792915531335
0.1,1.0,Random oversampling,0,0.8888888888888888,0.8888888888888888,0.8868055555555555,0.9313888888888889,0.8451165721487083,0.9334377447141738,0.9153374233128835,0.5787465940054496
0.1,1.0,SMOTE,0,0.8888888888888888,0.8888888888888888,0.8868055555555555,0.9022222222222223,0.9811206766349494,0.9993735317149569,0.1411042944785276,0.13896457765667575
0.1,1.0,Borderline-SMOTE,0,0.8888888888888888,0.8888888888888888,0.8868055555555555,0.90375,0.9779080252479712,0.9990602975724354,0.1570552147239264,0.13732970027247957
0.1,1.0,ADASYN,0,0.8888888888888888,0.8859944137262726,0.8842975206611571,0.9001139925904816,0.9798355824414456,0.999033193683532,0.1440886699507389,0.13760217983651227
0.1,0.5,Random oversampling,1,0.7777777777777778,0.7777777777777778,0.7780555555555555,0.8019444444444445,0.7981752833840199,0.8168511245983577,0.7496871088861077,0.4106267029972752
0.1,0.5,SMOTE,1,0.7777777777777778,0.7777777777777778,0.7780555555555555,0.8083333333333333,0.953473132372215,0.9978579078900393,0.1439299123904881,0.15476839237057222
0.1,0.5,Borderline-SMOTE,1,0.7777777777777778,0.7777777777777778,0.7780555555555555,0.8111111111111111,0.9545603138280484,0.9989289539450197,0.15269086357947434,0.15149863760217983
0.1,0.5,ADASYN,1,0.7777777777777778,0.7789811028842966,0.7801104972375691,0.8102209944751381,0.9553745928338763,0.9989376770538244,0.1407035175879397,0.14359673024523162
0.1,1.0,Random oversampling,1,0.8888888888888888,0.8888888888888888,0.88875,0.9138888888888889,0.835343404849562,0.915299265510236,0.9026217228464419,0.5719346049046321
0.1,1.0,SMOTE,1,0.8888888888888888,0.8888888888888888,0.88875,0.9036111111111111,0.9817413610985363,0.9990623534927332,0.14107365792759052,0.14332425068119892
0.1,1.0,Borderline-SMOTE,1,0.8888888888888888,0.8888888888888888,0.88875,0.9059722222222222,0.980312593928464,0.9990623534927332,0.16229712858926343,0.14959128065395094
0.1,1.0,ADASYN,1,0.8888888888888888,0.8867881806860636,0.8883543229092967,0.904202631951323,0.9809640773718146,0.9992035680152915,0.1482889733840304,0.14359673024523162
0.1,0.5,Random oversampling,2,0.7777777777777778,0.7777777777777778,0.7727777777777778,0.8041666666666667,0.800608407079646,0.8206326383896477,0.7481662591687042,0.41716621253405994
0.1,0.5,SMOTE,2,0.7777777777777778,0.7777777777777778,0.7727777777777778,0.8127777777777778,0.9515447154471545,0.9996405463695184,0.17726161369193155,0.14741144414168939
0.1,0.5,Borderline-SMOTE,2,0.7777777777777778,0.7777777777777778,0.7727777777777778,0.8077777777777778,0.944769330734243,0.9964054636951833,0.16625916870415647,0.15095367847411445
0.1,0.5,ADASYN,2,0.7777777777777778,0.7793712079426365,0.7763375620518478,0.809707666850524,0.948626817447496,0.9978685612788633,0.15659679408138102,0.1446866485013624
0.1,1.0,Random oversampling,2,0.8888888888888888,0.8888888888888888,0.8884722222222222,0.9343055555555555,0.8428768324771332,0.937001719556042,0.912826899128269,0.5811989100817438
0.1,1.0,SMOTE,2,0.8888888888888888,0.8888888888888888,0.8884722222222222,0.9066666666666666,0.977538185085355,0.9985930905111771,0.17434620174346202,0.15258855585831063
0.1,1.0,Borderline-SMOTE,2,0.8888888888888888,0.8888888888888888,0.8884722222222222,0.905,0.9773511324433778,0.9989057370642489,0.1569115815691158,0.15258855585831063
0.1,1.0,ADASYN,2,0.8888888888888888,0.8865634393965175,0.887849142208989,0.9050049624273359,0.9780876494023905,0.9995209198339189,0.15676359039190899,0.1536784741144414
0.2,0.5,Random oversampling,0,0.5,0.5,0.5028125,0.679375,0.7460535346602608,0.7190801740211311,0.6392206159648021,0.5138964577656676
0.2,0.5,SMOTE,0,0.5,0.5,0.5028125,0.6853125,0.8434615384615385,0.997513983840895,0.36957888120678817,0.35994550408719345
0.2,0.5,Borderline-SMOTE,0,0.5,0.5,0.5028125,0.68375,0.8418622547133513,0.9968924798011187,0.3670647391577624,0.3534059945504087
0.2,0.5,ADASYN,0,0.5,0.5167331158632354,0.5228027786167321,0.6997885835095138,0.854036122373756,0.997689196995956,0.37341772151898733,0.3525885558583106
0.2,1.0,Random oversampling,0,0.75,0.75,0.7553125,0.87578125,0.8054318149159362,0.8856019859329748,0.8454661558109834,0.6784741144414169
0.2,1.0,SMOTE,0,0.75,0.75,0.7553125,0.843125,0.9285837205300292,0.9975175837815474,0.3665389527458493,0.35013623978201636
0.2,1.0,Borderline-SMOTE,0,0.75,0.75,0.7553125,0.84875,0.9282296650717703,0.998345055854365,0.38697318007662834,0.3474114441416894
0.2,1.0,ADASYN,0,0.75,0.7600263970963194,0.7636472705458909,0.8480803839232154,0.9328604420983174,0.9986252945797329,0.3616751269035533,0.3580381471389646
0.2,0.5,Random oversampling,1,0.5,0.5,0.5075,0.69,0.7255997371015446,0.7315270935960592,0.6472081218274112,0.5179836512261581
0.2,0.5,SMOTE,1,0.5,0.5,0.5075,0.676875,0.8441153546375681,0.9975369458128078,0.3464467005076142,0.35149863760217986
0.2,0.5,Borderline-SMOTE,1,0.5,0.5,0.5075,0.68375,0.8415384615384616,0.9975369458128078,0.3604060913705584,0.3534059945504087
0.2,0.5,ADASYN,1,0.5,0.5194329308584129,0.5228228228228228,0.6843843843843844,0.8446997776130467,0.9942561746122918,0.3448709880427942,0.3455040871934605
0.2,1.0,Random oversampling,1,0.75,0.75,0.7496875,0.87015625,0.793417865792848,0.8793247186327636,0.8426966292134831,0.6950953678474114
0.2,1.0,SMOTE,1,0.75,0.75,0.7496875,0.83546875,0.9281374761326159,0.9981242184243435,0.34831460674157305,0.3566757493188011
0.2,1.0,Borderline-SMOTE,1,0.75,0.75,0.7496875,0.8409375,0.9258558403578186,0.9981242184243435,0.3701622971285893,0.34822888283378745
0.2,1.0,ADASYN,1,0.75,0.7619118478616708,0.7579229281356941,0.8421365868174379,0.9324546952224053,0.9992147624656459,0.3503380454824831,0.3455040871934605
0.2,0.5,Random oversampling,2,0.5,0.5,0.51375,0.7015625,0.7355832241153342,0.7427007299270073,0.6580976863753213,0.5095367847411444
0.2,0.5,SMOTE,2,0.5,0.5,0.51375,0.6990625,0.8419269853217914,0.9975669099756691,0.38367609254498714,0.3572207084468665
0.2,0.5,Borderline-SMOTE,2,0.5,0.5,0.51375,0.7046875,0.8426756352765321,0.9969586374695864,0.39588688946015427,0.3536784741144414
0.2,0.5,ADASYN,2,0.5,0.5184494070908324,0.5269334938308757,0.7041829671983147,0.8558888076079005,0.9965733866362079,0.37849872773536897,0.35013623978201636
0.2,1.0,Random oversampling,2,0.75,0.75,0.7540625,0.87796875,0.7947666195190948,0.8843762950683796,0.8583227445997459,0.6798365122615804
0.2,1.0,SMOTE,2,0.75,0.75,0.7540625,0.8471875,0.9266792001367288,0.9993783671777869,0.380559085133418,0.36021798365122615
0.2,1.0,Borderline-SMOTE,2,0.75,0.75,0.7540625,0.85046875,0.9272572402044293,0.9997927890592623,0.3926302414231258,0.36049046321525885
0.2,1.0,ADASYN,2,0.75,0.7612367934101355,0.7611160847508206,0.854222620113399,0.9310456984875589,0.9984316800627328,0.3947532792004997,0.3564032697547684
