raw_score,calibrated_risk
0.0086343475,0.0
0.010499069,0.0
0.01050061,0.001991536
0.017196063,0.001991536
0.017201819,0.0021459227
0.019584967,0.0021459227
0.019586217,0.0034042553
0.02650844,0.0034042553
0.026511393,0.0047410647
0.036219023,0.0047410647
0.03622187,0.004830918
0.03774348,0.004830918
0.03774637,0.006376812
0.045054916,0.006376812
0.045059316,0.006993007
0.045689933,0.006993007
0.04569698,0.008508225
0.06589578,0.008508225
0.06590503,0.00931677
0.06796428,0.00931677
0.06796801,0.011166253
0.07333563,0.011166253
0.07334187,0.012170386
0.07697865,0.012170386
0.07699094,0.014492754
0.07870278,0.014492754
0.078730635,0.0173716
0.08892761,0.0173716
0.08893019,0.020058997
0.11919019,0.020058997
0.11920326,0.02887538
0.12664084,0.02887538
0.1266428,0.033670034
0.17200896,0.033670034
0.17203048,0.036144577
0.1730785,0.036144577
0.17309098,0.04109589
0.1749992,0.04109589
0.17500073,0.04901961
0.19248067,0.04901961
0.19248807,0.05170976
0.20734237,0.05170976
0.2073438,0.053333335
0.2083181,0.053333335
0.20834062,0.05412371
0.21343638,0.05412371
0.21345456,0.05691057
0.22167365,0.05691057
0.22168528,0.05882353
0.2223071,0.05882353
0.2223284,0.060606062
0.22547503,0.060606062
0.2254878,0.06676342
0.23547049,0.06676342
0.23547503,0.07030303
0.26080444,0.07030303
0.26087326,0.07442151
0.2886694,0.07442151
0.28868914,0.07672302
0.30491778,0.07672302
0.30492622,0.082474224
0.30877382,0.082474224
0.3087929,0.09552845
0.38265756,0.09552845
0.38272485,0.11594203
0.38829568,0.11594203
0.38837788,0.12676056
0.39113393,0.12676056
0.39121044,0.14071038
0.47884205,0.14071038
0.4789048,0.14229248
0.49652246,0.14229248
0.49654058,0.14414415
0.5047408,0.14414415
0.5047848,0.14814815
0.50633293,0.14814815
0.50639623,0.18539326
0.5220187,0.18539326
0.5220785,0.18930042
0.54253656,0.18930042
0.5425634,0.23493235
0.6401448,0.23493235
0.6401821,0.27962086
0.68940693,0.27962086
0.68957466,0.29545453
0.70287335,0.29545453
0.70327157,0.39215687
0.7259071,0.39215687
0.72649175,0.44827586
0.81756246,0.44827586
0.8193126,0.5
0.87000865,0.5
0.8713403,1.0
