y,xgb_pre
0,0.033670034
0,0.020058997
0,0.008508225
0,0.033670034
0,0.001991536
0,0.001991536
0,0.001991536
0,0.0
1,0.09552845
0,0.07672302
0,0.14071038
0,0.033670034
0,0.033670034
0,0.001991536
1,0.05170976
1,0.07442151
0,0.004830918
1,0.14071038
0,0.12676056
0,0.07672302
0,0.0021459227
0,0.05170976
0,0.0173716
0,0.0034042553
0,0.07442151
0,0.020058997
0,0.008508225
0,0.0034042553
0,0.006376812
0,0.008508225
0,0.07030303
0,0.07672302
0,0.0034042553
0,0.0021459227
0,0.0173716
0,0.033670034
0,0.0047410647
0,0.09552845
0,0.07030303
0,0.05691057
1,0.23493235
0,0.05412371
0,0.09552845
0,0.033670034
0,0.0034042553
0,0.0034042553
0,0.23493235
0,0.006376812
0,0.0034042553
0,0.033670034
0,0.0
0,0.001991536
0,0.02887538
0,0.006376812
0,0.001991536
0,0.008508225
0,0.020058997
0,0.0021459227
0,0.033670034
0,0.18539326
1,0.020058997
0,0.008508225
0,0.07442151
0,0.0173716
0,0.00931677
0,0.008508225
0,0.23493235
0,0.27962086
0,0.008508225
0,0.008508225
0,0.011166253
0,0.006376812
0,0.033670034
0,0.001991536
0,0.008508225
0,0.0173716
1,0.033670034
0,0.008508225
0,0.07442151
0,0.0047410647
0,0.008508225
0,0.07442151
0,0.0173716
0,0.07442151
0,0.001991536
0,0.008508225
0,0.012170386
0,0.033670034
0,0.0047410647
0,0.06676342
0,0.006993007
0,0.053333335
0,0.020058997
0,0.033670034
0,0.020058997
0,0.04901961
1,0.23493235
0,0.14814815
0,0.001991536
0,0.14071038
0,0.0034042553
0,0.020058997
0,0.001991536
0,0.020058997
0,0.07030303
0,0.001991536
0,0.020058997
0,0.033670034
0,0.0173716
0,0.008508225
0,0.14071038
0,0.033670034
0,0.0047410647
0,0.033670034
0,0.07442151
0,0.004830918
0,0.09552845
0,0.02887538
0,0.00931677
0,0.001991536
0,0.29545453
0,0.04901961
0,0.04901961
0,0.07442151
0,0.012170386
0,0.02887538
0,0.033670034
0,0.020058997
0,0.07672302
0,0.008508225
0,0.04901961
0,0.008508225
0,0.09552845
0,0.07442151
0,0.0021459227
0,0.0034042553
0,0.008508225
1,0.07030303
0,0.008508225
0,0.07672302
0,0.006376812
0,0.04901961
0,0.006376812
0,0.033670034
0,0.001991536
0,0.020058997
0,0.008508225
0,0.0021459227
0,0.008508225
0,0.008508225
0,0.033670034
0,0.001991536
0,0.05170976
0,0.0173716
0,0.07442151
0,0.008508225
0,0.0173716
0,0.00722045
0,0.001991536
0,0.006376812
0,0.0047410647
0,0.0034042553
0,0.0034042553
0,0.001991536
0,0.09552845
0,0.0
0,0.008508225
0,0.006376812
0,0.0047410647
1,0.44827586
0,0.09552845
0,0.0034042553
0,0.033670034
0,0.0173716
0,0.07672302
0,0.0047410647
0,0.05170976
0,0.0047410647
0,0.09552845
0,0.001991536
0,0.14071038
0,0.0047410647
0,0.0047410647
0,0.001991536
0,0.0021459227
0,0.033670034
0,0.14071038
0,0.0034042553
0,0.033670034
1,0.09552845
0,0.07030303
0,0.020058997
0,0.09552845
0,0.07442151
0,0.008508225
0,0.033670034
0,0.11594203
0,0.006376812
0,0.0047410647
0,0.0047410647
0,0.033670034
0,0.036144577
0,0.07442151
0,0.27962086
0,0.05691057
0,0.033670034
0,0.020058997
0,0.0034042553
0,0.07442151
0,0.0034042553
0,0.07672302
0,0.14414415
0,0.008508225
0,0.0047410647
0,0.0047410647
0,0.07442151
0,0.0034042553
0,0.001991536
0,0.020058997
0,0.0034042553
0,0.02887538
0,0.09552845
0,0.020058997
0,0.0
0,0.02887538
0,0.020058997
0,0.008508225
0,0.0047410647
0,0.18539326
0,0.09552845
0,0.0173716
0,0.008508225
0,0.0021459227
0,0.008508225
0,0.020058997
0,0.001991536
0,0.02887538
0,0.07442151
1,0.05170976
0,0.033670034
0,0.0034042553
0,0.27962086
0,0.05170976
0,0.008508225
0,0.0047410647
0,0.14071038
0,0.07442151
0,0.0034042553
0,0.033670034
0,0.05170976
0,0.001991536
0,0.001991536
1,0.39215687
0,0.060606062
0,0.02887538
0,0.006376812
0,0.008508225
0,0.001991536
0,0.0173716
0,0.033670034
0,0.07030303
0,0.020058997
0,0.001991536
0,0.14071038
0,0.060606062
0,0.012170386
0,0.07442151
0,0.14071038
0,0.02887538
0,0.033670034
0,0.05170976
0,0.0034042553
0,0.14071038
0,0.0034042553
0,0.008508225
0,0.0034042553
0,0.004830918
0,0.04901961
0,0.001991536
0,0.020058997
0,0.0047410647
0,0.001991536
0,0.04901961
0,0.004830918
0,0.020058997
0,0.0047410647
0,0.02887538
0,0.001991536
0,0.012170386
0,0.05691057
0,0.23493235
0,0.05170976
0,0.020058997
0,0.020058997
0,0.09552845
0,0.04901961
0,0.033670034
0,0.008508225
1,0.09552845
0,0.0034042553
0,0.006376812
0,0.020058997
0,0.020058997
0,0.033670034
0,0.07442151
0,0.0034042553
0,0.004830918
0,0.008508225
0,0.09552845
0,0.0047410647
0,0.006376812
0,0.001991536
0,0.001991536
0,0.020058997
0,0.033670034
0,0.05170976
0,0.033670034
0,0.18930042
0,0.001991536
0,0.0047410647
0,0.008508225
0,0.001991536
0,0.033670034
0,0.011166253
0,0.27962086
0,0.020058997
0,0.033670034
0,0.0173716
0,0.033670034
0,0.001991536
0,0.09552845
0,0.001991536
0,0.0047410647
0,0.02887538
1,0.14071038
0,0.011166253
0,0.008508225
0,0.23493235
0,0.04901961
0,0.0
0,0.09552845
0,0.07030303
0,0.09552845
0,0.006376812
0,0.0
0,0.0047410647
0,0.020058997
1,0.07672302
0,0.001991536
0,0.033670034
0,0.07672302
0,0.020058997
0,0.07442151
0,0.008508225
0,0.082474224
0,0.06676342
1,0.07442151
0,0.07672302
0,0.05170976
0,0.008508225
0,0.09552845
0,0.0047410647
0,0.008508225
0,0.14229248
0,0.033670034
0,0.05691057
0,0.0047410647
0,0.001991536
0,0.006376812
1,0.23493235
0,0.09552845
0,0.04901961
0,0.27962086
0,0.0034042553
0,0.008508225
0,0.0047410647
0,0.033670034
0,0.07672302
0,0.06676342
0,0.07030303
0,0.07030303
0,0.14071038
0,0.033670034
0,0.001991536
0,0.033670034
1,0.09552845
0,0.006376812
0,0.0047410647
0,0.008508225
0,0.006376812
0,0.011166253
0,0.04901961
0,0.001991536
0,0.0047410647
1,0.23493235
0,0.09552845
0,0.06676342
0,0.020058997
0,0.033670034
0,0.0173716
0,0.008508225
0,0.001991536
0,0.14071038
0,0.09552845
0,0.008508225
0,0.04901961
0,0.006376812
0,0.011166253
0,0.04901961
0,0.05691057
0,0.008508225
0,0.09552845
0,0.0047410647
0,0.07442151
0,0.0173716
0,0.008508225
0,0.14071038
0,0.012170386
0,0.033670034
0,0.0173716
0,0.033670034
0,0.012170386
0,0.0173716
0,0.09552845
0,0.05170976
0,0.011166253
0,0.004830918
0,0.006376812
0,0.011166253
0,0.14229248
0,0.006376812
0,0.033670034
0,0.14071038
0,0.0034042553
0,0.033670034
0,0.0034042553
0,0.020058997
0,0.0173716
0,0.0047410647
0,0.011166253
1,0.23493235
0,0.09552845
0,0.14071038
0,0.07030303
0,0.020058997
1,0.033670034
1,0.09552845
0,0.004830918
0,0.0034042553
0,0.006376812
1,0.05170976
0,0.14414415
0,0.012170386
0,0.07030303
0,0.001991536
0,0.09552845
0,0.012170386
0,0.05512881
0,0.033670034
0,0.09552845
0,0.14071038
0,0.0173716
0,0.001991536
0,0.014492754
0,0.05412371
0,0.18539326
0,0.001991536
0,0.001991536
0,0.23493235
0,0.09552845
0,0.006376812
0,0.0173716
0,0.008508225
0,0.001991536
0,0.012170386
0,0.001991536
0,0.020058997
0,0.033670034
0,0.033670034
0,0.05691057
0,0.07672302
0,0.0034042553
0,0.07442151
0,0.020058997
0,0.001991536
0,0.008508225
0,0.07442151
0,0.006376812
0,0.020058997
0,0.0047410647
0,0.008508225
0,0.07442151
0,0.07442151
0,0.23493235
0,0.09552845
0,0.0
0,0.23493235
0,0.14071038
0,0.0047410647
0,0.012170386
0,0.0034042553
0,0.008508225
0,0.07442151
0,0.008508225
0,0.07672302
0,0.011166253
0,0.0034042553
0,0.033670034
0,0.008508225
0,0.008508225
0,0.0034042553
0,0.020058997
0,0.0173716
0,0.39215687
0,0.05170976
0,0.008508225
0,0.09552845
0,0.07672302
0,0.02887538
0,0.09552845
0,0.001991536
0,0.001991536
0,0.008508225
0,0.0047410647
0,0.0173716
0,0.020058997
0,0.0047410647
0,0.0047410647
0,0.001991536
0,0.033670034
0,0.07672302
0,0.04901961
0,0.033670034
0,0.05170976
0,0.14071038
0,0.14071038
0,0.020058997
0,0.001991536
0,0.23493235
0,0.0034042553
0,0.0073053404
0,0.011166253
0,0.0047410647
0,0.0034042553
0,0.07442151
0,0.09552845
0,0.020058997
0,0.0047410647
0,0.033670034
0,0.02887538
0,0.04901961
0,0.12676056
0,0.001991536
0,0.033670034
0,0.006993007
0,0.04901961
0,0.020058997
0,0.0
0,0.001991536
0,0.008508225
0,0.011166253
0,0.012170386
0,0.23493235
0,0.07442151
0,0.0
1,0.07442151
0,0.04901961
0,0.12404612
0,0.012170386
0,0.14071038
0,0.033670034
0,0.033670034
0,0.001991536
0,0.020058997
0,0.0047410647
0,0.008508225
0,0.033670034
0,0.07030303
0,0.001991536
0,0.0034042553
0,0.006376812
0,0.008508225
0,0.020058997
0,0.23493235
0,0.001991536
0,0.0047410647
0,0.020058997
0,0.033670034
0,0.07442151
0,0.014492754
0,0.14071038
0,0.020058997
0,0.004830918
0,0.07442151
0,0.008508225
0,0.09552845
0,0.020058997
0,0.006376812
0,0.0034042553
0,0.09552845
0,0.0034042553
0,0.09552845
0,0.23493235
0,0.09552845
0,0.0047410647
0,0.05170976
0,0.008508225
0,0.0173716
0,0.020058997
0,0.033670034
0,0.020058997
1,0.23493235
0,0.0034042553
0,0.02887538
0,0.0021459227
0,0.14071038
0,0.001991536
0,0.001991536
0,0.14229248
0,0.14229248
0,0.14071038
0,0.008508225
0,0.033670034
1,0.033670034
0,0.001991536
0,0.006376812
1,0.07442151
0,0.0173716
0,0.07672302
0,0.0034042553
0,0.006376812
0,0.09552845
0,0.05691057
0,0.020058997
0,0.001991536
0,0.006376812
0,0.033670034
0,0.0021459227
0,0.0034042553
0,0.033670034
0,0.033670034
0,0.06676342
0,0.033670034
0,0.001991536
0,0.020058997
0,0.23493235
0,0.033670034
0,0.07442151
0,0.008508225
0,0.04901961
0,0.008508225
0,0.004830918
0,0.06676342
0,0.020058997
0,0.0021459227
0,0.020058997
0,0.14071038
0,0.0034042553
0,0.06676342
0,0.07030303
0,0.0034042553
0,0.07030303
0,0.0173716
0,0.008508225
0,0.04901961
1,0.07442151
0,0.0047410647
0,0.006993007
0,0.07672302
0,0.033670034
0,0.004830918
0,0.0
0,0.09552845
0,0.0047410647
1,0.06676342
0,0.011166253
0,0.008508225
0,0.020058997
0,0.0047410647
0,0.001991536
0,0.05170976
1,0.14071038
0,0.0034042553
0,0.09552845
0,0.001991536
0,0.011166253
0,0.0
0,0.020058997
0,0.036144577
0,0.07030303
0,0.020058997
0,0.004830918
0,0.05691057
0,0.0021459227
0,0.05882353
0,0.07442151
0,0.033670034
0,0.001991536
0,0.0047410647
0,0.0034042553
0,0.05170976
0,0.04901961
0,0.008508225
0,0.001991536
0,0.020058997
0,0.033670034
0,0.05170976
0,0.11594203
1,0.27962086
0,0.008508225
0,0.011166253
0,0.14071038
0,0.06676342
0,0.0047410647
0,0.020058997
0,0.07442151
0,0.033670034
0,0.07030303
0,0.033670034
0,0.02887538
0,0.020058997
0,0.09552845
0,0.0034042553
0,0.020058997
0,0.09552845
0,0.020058997
0,0.09552845
0,0.006376812
0,0.001991536
0,0.006376812
0,0.020058997
0,0.14071038
0,0.001991536
0,0.23493235
0,0.008508225
0,0.001991536
0,0.020058997
0,0.020058997
0,0.012170386
0,0.27962086
0,0.006376812
0,0.0173716
0,0.033670034
0,0.05170976
0,0.006376812
0,0.001991536
0,0.020058997
0,0.06676342
0,0.008508225
0,0.02887538
0,0.14071038
0,0.09552845
0,0.0021459227
0,0.001991536
0,0.0047410647
0,0.06676342
0,0.05170976
0,0.0021459227
0,0.008508225
0,0.0034042553
0,0.001991536
0,0.008508225
0,0.09552845
0,0.09552845
0,0.011166253
0,0.008508225
0,0.07442151
0,0.0047410647
1,0.04901961
0,0.060606062
0,0.001991536
0,0.09552845
0,0.0021459227
1,0.05170976
0,0.09552845
0,0.09552845
0,0.006376812
0,0.008508225
1,0.07030303
1,0.020058997
0,0.033670034
0,0.07672302
0,0.012170386
0,0.14071038
0,0.004830918
0,0.0021459227
0,0.033670034
0,0.001991536
0,0.020058997
0,0.0173716
0,0.07030303
1,0.020058997
0,0.0173716
0,0.07030303
0,0.07442151
0,0.0173716
0,0.008508225
0,0.04901961
0,0.033670034
1,0.011166253
0,0.001991536
0,0.05170976
0,0.008508225
0,0.020058997
0,0.14071038
0,0.04901961
0,0.09552845
0,0.001991536
0,0.04901961
0,0.05691057
0,0.23493235
0,0.006993007
0,0.012170386
0,0.020058997
0,0.033670034
0,0.07442151
0,0.012170386
0,0.14071038
0,0.006376812
0,0.05170976
0,0.0047410647
0,0.14071038
0,0.09552845
0,0.0047410647
0,0.001991536
0,0.033670034
0,0.008508225
0,0.008508225
0,0.12676056
0,0.008508225
0,0.05170976
0,0.033670034
1,0.23493235
0,0.0047410647
1,0.033670034
0,0.07442151
0,0.008508225
0,0.04901961
0,0.23493235
0,0.0021459227
0,0.07442151
0,0.0034042553
0,0.033670034
0,0.04901961
0,0.0021459227
0,0.020058997
0,0.008508225
0,0.033670034
0,0.09552845
0,0.04901961
0,0.0021459227
0,0.14071038
0,0.008508225
0,0.07030303
0,0.0034042553
0,0.060606062
0,0.001991536
0,0.07672302
0,0.033670034
0,0.033670034
0,0.001991536
0,0.008508225
0,0.006376812
0,0.001991536
0,0.020058997
0,0.0
0,0.44827586
0,0.04901961
0,0.008508225
0,0.0047410647
0,0.033670034
0,0.23493235
0,0.0021459227
0,0.006376812
0,0.14229248
0,0.04901961
0,0.09552845
0,0.0034042553
0,0.020058997
0,0.23493235
1,0.14229248
0,0.001991536
0,0.008508225
0,0.006376812
0,0.001991536
0,0.001991536
1,0.23493235
0,0.014492754
0,0.001991536
0,0.033670034
0,0.0021459227
0,0.036144577
0,0.0047410647
0,0.008508225
0,0.001991536
0,0.07442151
0,0.07030303
0,0.09552845
1,0.06676342
0,0.020058997
0,0.14071038
0,0.0047410647
0,0.23493235
0,0.008508225
1,0.18930042
0,0.020058997
0,0.0034042553
0,0.001991536
0,0.0
0,0.14071038
0,0.07442151
0,0.020058997
0,0.07672302
0,0.001991536
0,0.0034042553
1,0.44827586
0,0.033670034
0,0.033670034
0,0.05170976
0,0.02887538
0,0.001991536
0,0.09552845
0,0.033670034
0,0.001991536
0,0.04901961
0,0.020058997
0,0.23493235
0,0.012170386
0,0.0034042553
0,0.0034042553
0,0.008508225
0,0.001991536
0,0.07030303
0,0.020058997
0,0.020058997
0,0.0
0,0.09552845
1,0.14071038
0,0.09552845
0,0.020058997
0,0.033670034
0,0.09552845
0,0.001991536
0,0.033670034
0,0.07442151
0,0.033670034
0,0.001991536
0,0.008508225
0,0.0
0,0.0047410647
0,0.0173716
0,0.033670034
1,0.07442151
0,0.033670034
0,0.008508225
0,0.09552845
0,0.0
0,0.033670034
0,0.060606062
0,0.14414415
0,0.008508225
0,0.033670034
0,0.006993007
0,0.07442151
0,0.011166253
0,0.001991536
0,0.04109589
0,0.09552845
0,0.09552845
1,0.39215687
0,0.020058997
0,0.008508225
0,0.10526513
0,0.033670034
0,0.09552845
0,0.033670034
0,0.0047410647
0,0.0047410647
0,0.05170976
0,0.033670034
0,0.033670034
0,0.09552845
0,0.033670034
0,0.0047410647
0,0.0034042553
0,0.060606062
1,0.44827586
0,0.0173716
0,0.0034042553
0,0.008508225
0,0.0047410647
0,0.033670034
0,0.001991536
0,0.006376812
0,0.006376812
0,0.0034042553
0,0.05691057
0,0.0021459227
0,0.14071038
0,0.23493235
0,0.033670034
0,0.020058997
0,0.001991536
0,0.0034042553
0,0.04109589
0,0.001991536
0,0.001991536
0,0.033670034
0,0.020058997
0,0.033670034
0,0.033670034
0,0.0034042553
0,0.09552845
0,0.0
0,0.020058997
0,0.033670034
0,0.09552845
0,0.033670034
0,0.0
0,0.008508225
0,0.012170386
0,0.0034042553
0,0.05691057
0,0.07030303
0,0.07442151
0,0.006376812
0,0.0021459227
0,0.07442151
0,0.001991536
0,0.14071038
0,0.0034042553
0,0.033670034
0,0.006376812
0,0.07442151
0,0.27962086
0,0.008508225
0,0.008508225
0,0.033670034
0,0.001991536
0,0.060606062
0,0.0034042553
1,0.07030303
0,0.020058997
0,0.060606062
0,0.0047410647
0,0.05170976
0,0.033670034
0,0.0034042553
0,0.008508225
0,0.011166253
0,0.008508225
0,0.0
1,0.05170976
0,0.011166253
0,0.001991536
0,0.05412371
0,0.04901961
0,0.07030303
0,0.008508225
0,0.033670034
0,0.07442151
0,0.14229248
0,0.0173716
0,0.001991536
0,0.008508225
0,0.033670034
0,0.0047410647
0,0.020058997
0,0.00931677
0,0.082474224
0,0.0034042553
0,0.0034042553
0,0.06676342
0,0.0173716
0,0.006376812
0,0.07442151
0,0.14071038
0,0.23493235
0,0.033670034
0,0.14071038
0,0.0034042553
0,0.14071038
0,0.033670034
0,0.020058997
1,0.020058997
0,0.07030303
0,0.011166253
0,0.006376812
1,0.23493235
0,0.04901961
0,0.001991536
0,0.008508225
0,0.14071038
0,0.07030303
0,0.001991536
0,0.0047410647
0,0.008508225
0,0.033670034
0,0.05882353
1,0.001991536
0,0.0173716
0,0.001991536
0,0.0047410647
0,0.0173716
0,0.020058997
0,0.008508225
0,0.06676342
0,0.07442151
0,0.0034042553
0,0.033670034
0,0.0173716
0,0.14071038
0,0.0
0,0.020058997
0,0.14071038
0,0.07030303
0,0.04901961
0,0.001991536
1,0.07442151
0,0.001991536
0,0.001991536
0,0.07442151
0,0.0173716
0,0.05170976
0,0.060606062
0,0.0047410647
0,0.020058997
0,0.09552845
0,0.14071038
0,0.07442151
0,0.07672302
0,0.033670034
0,0.012170386
0,0.008508225
0,0.020058997
0,0.0173716
0,0.07442151
0,0.001991536
0,0.0
0,0.0034042553
0,0.001991536
0,0.020058997
0,0.14229248
0,0.07442151
0,0.05170976
0,0.0047410647
0,0.001991536
0,0.07127334
0,0.033670034
1,0.23493235
0,0.011166253
0,0.001991536
0,0.008508225
0,0.07030303
0,0.04901961
1,0.0047410647
0,0.0047410647
0,0.07030303
0,0.0047410647
0,0.033670034
0,0.001991536
1,0.27962086
0,0.05170976
0,0.006376812
0,0.07442151
0,0.0
0,0.012170386
0,0.033670034
0,0.001991536
0,0.04901961
1,0.033670034
0,0.0034042553
0,0.020058997
1,0.14071038
0,0.0173716
1,0.14071038
0,0.09552845
0,0.0173716
0,0.14229248
1,0.04109589
0,0.05170976
0,0.014492754
0,0.001991536
0,0.0173716
0,0.0034042553
0,0.07030303
0,0.001991536
0,0.006376812
0,0.18930042
0,0.014492754
0,0.0047410647
0,0.07672302
0,0.09552845
0,0.05691057
1,0.14071038
0,0.020058997
0,0.0047410647
0,0.008508225
0,0.05170976
0,0.07672302
0,0.0034042553
0,0.18930042
0,0.001991536
0,0.020058997
0,0.006376812
0,0.014492754
0,0.09552845
1,0.14071038
1,0.09552845
0,0.020058997
0,0.001991536
0,0.008508225
0,0.033670034
0,0.0047410647
0,0.0047410647
0,0.001991536
1,0.033670034
0,0.09552845
0,0.008508225
0,0.001991536
0,0.07442151
0,0.09552845
0,0.07030303
0,0.09552845
0,0.07030303
0,0.00931677
0,0.0047410647
0,0.09552845
1,0.05412371
0,0.001991536
0,0.05170976
0,0.008508225
0,0.006376812
0,0.033670034
0,0.14071038
0,0.001991536
0,0.0173716
0,0.008508225
0,0.04901961
0,0.008508225
0,0.02887538
0,0.05691057
0,0.0021459227
0,0.14071038
0,0.09552845
0,0.05691057
0,0.14071038
0,0.011166253
0,0.008508225
0,0.012170386
0,0.006376812
0,0.0034042553
0,0.0034042553
0,0.008508225
0,0.020058997
0,0.0
0,0.0047410647
1,0.07442151
0,0.0173716
0,0.05170976
0,0.18930042
0,0.004830918
0,0.004830918
0,0.012170386
0,0.07030303
0,0.001991536
0,0.02887538
0,0.033670034
0,0.0034042553
0,0.23493235
0,0.008508225
0,0.07442151
0,0.06676342
0,0.060606062
1,0.033670034
0,0.23493235
0,0.0
0,0.0047410647
0,0.07030303
0,0.020058997
0,0.14071038
0,0.18930042
0,0.033670034
0,0.0173716
0,0.001991536
0,0.0047410647
0,0.033670034
1,0.05412371
0,0.001991536
0,0.001991536
0,0.07442151
0,0.0
0,0.14229248
0,0.012170386
0,0.012170386
0,0.006376812
0,0.0047410647
0,0.001991536
0,0.0173716
0,0.0047410647
0,0.07442151
0,0.001991536
0,0.04901961
0,0.05170976
0,0.09552845
0,0.008508225
0,0.008508225
0,0.033670034
0,0.014492754
0,0.001991536
0,0.033670034
0,0.001991536
0,0.0047410647
0,0.0047410647
0,0.020058997
0,0.07030303
0,0.008508225
0,0.053333335
0,0.020058997
0,0.0
0,0.09552845
0,0.006376812
0,0.14071038
0,0.006376812
0,0.0047410647
0,0.0173716
0,0.001991536
0,0.001991536
0,0.05170976
0,0.001991536
0,0.001991536
0,0.033670034
0,0.020058997
0,0.14071038
0,0.00931677
0,0.006376812
0,0.033670034
0,0.033670034
0,0.008508225
0,0.07030303
0,0.001991536
0,0.04901961
0,0.0034042553
0,0.001991536
0,0.001991536
0,0.0047410647
0,0.0047410647
0,0.006376812
0,0.0
0,0.012170386
0,0.020058997
0,0.0
0,0.008508225
0,0.004830918
0,0.0047410647
0,0.09552845
0,0.033670034
0,0.0047410647
0,0.02887538
0,0.09552845
0,0.008508225
0,0.07030303
0,0.0047410647
0,0.07672302
0,0.001991536
0,0.004830918
0,0.07442151
0,0.0
0,0.0173716
0,0.0047410647
0,0.04901961
0,0.033670034
0,0.012170386
0,0.0173716
0,0.14229248
0,0.06676342
0,0.060606062
0,0.020058997
0,0.27962086
0,0.008508225
0,0.14229248
0,0.14071038
0,0.06676342
0,0.0047410647
0,0.020058997
0,0.06676342
0,0.020058997
0,0.008508225
0,0.033670034
0,0.008508225
0,0.0021459227
0,0.00931677
0,0.14071038
0,0.0047410647
0,0.008508225
0,0.04901961
0,0.09552845
0,0.020058997
0,0.09552845
0,0.07672302
0,0.04901961
0,0.033670034
0,0.07030303
0,0.001991536
0,0.0
0,0.008508225
0,0.0047410647
0,0.020058997
0,0.001991536
0,0.09552845
0,0.14071038
0,0.006376812
0,0.001991536
0,0.07030303
0,0.0047410647
0,0.001991536
0,0.07672302
0,0.07030303
0,0.0034042553
0,0.0034042553
0,0.04901961
0,0.020058997
0,0.0173716
0,0.0
0,0.0047410647
0,0.07030303
0,0.008508225
0,0.008508225
0,0.04901961
0,0.033670034
0,0.07442151
0,0.020058997
0,0.033670034
0,0.0047410647
0,0.033670034
0,0.001991536
0,0.036144577
0,0.060606062
0,0.09552845
0,0.0173716
0,0.06676342
1,0.09552845
0,0.001991536
0,0.001991536
0,0.036144577
0,0.033670034
0,0.020058997
0,0.06676342
0,0.07030303
0,0.008508225
0,0.0047410647
0,0.05691057
0,0.07672302
0,0.0047410647
0,0.04901961
0,0.0
0,0.0173716
0,0.020058997
0,0.0173716
0,0.07030303
0,0.02887538
0,0.0034042553
0,0.008508225
0,0.020058997
0,0.07030303
0,0.09552845
0,0.02887538
0,0.05691057
1,0.07442151
0,0.09552845
0,0.14071038
0,0.0034042553
0,0.14071038
0,0.05170976
0,0.001991536
0,0.001991536
0,0.006376812
0,0.39215687
0,0.06676342
0,0.020058997
0,0.04901961
0,0.012170386
0,0.27962086
0,0.020058997
0,0.09552845
0,0.001991536
0,0.008508225
0,0.033670034
0,0.00931677
0,0.008508225
0,0.033670034
0,0.008508225
0,0.14229248
0,0.14071038
0,0.020058997
0,0.033670034
0,0.23493235
0,0.060606062
0,0.006376812
0,0.012170386
0,0.006376812
0,0.001991536
0,0.001991536
1,0.23493235
0,0.0034042553
0,0.14071038
0,0.008508225
0,0.14071038
0,0.033670034
0,0.0034042553
0,0.008508225
0,0.020058997
0,0.07030303
0,0.006376812
0,0.008508225
0,0.001991536
0,0.09552845
0,0.033670034
0,0.07030303
0,0.18930042
0,0.008508225
0,0.001991536
0,0.001991536
0,0.033670034
0,0.07442151
0,0.18930042
0,0.07672302
0,0.020058997
0,0.004830918
0,0.033670034
0,0.0034042553
0,0.14071038
0,0.07442151
0,0.09552845
0,0.020058997
0,0.020058997
0,0.001991536
0,0.06676342
0,0.008508225
0,0.14071038
0,0.02887538
0,0.07030303
0,0.05412371
0,0.020058997
0,0.05691057
0,0.07030303
0,0.020058997
0,0.020058997
0,0.006376812
0,0.008508225
0,0.05170976
0,0.07672302
0,0.006376812
0,0.07672302
0,0.033670034
0,0.001991536
0,0.23493235
0,0.04901961
0,0.0047410647
0,0.001991536
0,0.006376812
0,0.020058997
0,0.09552845
0,0.033670034
0,0.020058997
0,0.07442151
0,0.0
0,0.001991536
0,0.0034042553
0,0.020058997
0,0.020058997
0,0.008508225
0,0.001991536
0,0.07030303
0,0.07030303
0,0.001991536
0,0.020058997
0,0.09552845
0,0.020058997
0,0.008508225
0,0.04901961
0,0.07672302
0,0.033670034
0,0.033670034
0,0.0034042553
0,0.07442151
0,0.02887538
0,0.008508225
0,0.0021459227
0,0.02887538
0,0.0034042553
0,0.033670034
0,0.0034042553
0,0.001991536
0,0.0034042553
0,0.001991536
0,0.09552845
0,0.07030303
0,0.0047410647
0,0.0173716
0,0.001991536
0,0.0173716
0,0.006376812
0,0.05691057
0,0.033670034
1,0.06676342
0,0.0
0,0.006376812
1,0.07442151
0,0.0047410647
0,0.033670034
1,0.012170386
0,0.07442151
0,0.14071038
0,0.0
0,0.006376812
0,0.07442151
0,0.020058997
0,0.008508225
0,0.008508225
0,0.006376812
0,0.001991536
0,0.00931677
0,0.14071038
1,0.09552845
0,0.033670034
0,0.0021459227
0,0.09552845
0,0.0047410647
0,0.001991536
0,0.0034042553
0,0.05170976
0,0.07672302
0,0.008508225
1,0.23493235
0,0.0021459227
0,0.0
0,0.006376812
0,0.0034042553
0,0.033670034
0,0.008508225
0,0.033670034
0,0.0
1,0.07442151
0,0.07030303
0,0.033670034
0,0.033670034
0,0.001991536
0,0.033670034
0,0.04901961
0,0.0034042553
0,0.0034042553
0,0.09552845
0,0.033670034
0,0.23493235
0,0.033670034
0,0.001991536
0,0.0
0,0.0034042553
0,0.008508225
0,0.033670034
0,0.006376812
0,0.0034042553
0,0.14071038
0,0.07672302
0,0.008508225
0,0.14229248
0,0.011166253
0,0.07442151
0,0.012170386
0,0.006376812
0,0.008508225
0,0.001991536
0,0.008508225
0,0.09552845
0,0.033670034
0,0.033670034
0,0.001991536
0,0.04109589
0,0.05691057
0,0.0034042553
0,0.09552845
0,0.011166253
0,0.012170386
0,0.008508225
0,0.0034042553
0,0.02887538
0,0.14071038
1,0.09552845
0,0.14071038
0,0.05170976
0,0.001991536
0,0.14071038
0,0.0
0,0.0034042553
0,0.006993007
0,0.011166253
0,0.020058997
0,0.082474224
0,0.0034042553
0,0.012170386
0,0.0034042553
0,0.04901961
0,0.033670034
0,0.07672302
0,0.0
0,0.008508225
0,0.14071038
0,0.001991536
0,0.008508225
0,0.0
0,0.033670034
0,0.0173716
0,0.001991536
0,0.07030303
0,0.001991536
0,0.04901961
0,0.001991536
0,0.004830918
0,0.0034042553
0,0.0034042553
0,0.07672302
0,0.033670034
0,0.0047410647
0,0.033670034
0,0.020058997
0,0.0047410647
0,0.0034042553
0,0.082474224
0,0.07672302
0,0.004830918
0,0.033670034
0,0.07030303
0,0.0034042553
0,0.07442151
0,0.0034042553
0,0.033670034
0,0.006376812
0,0.0034042553
0,0.09552845
0,0.020058997
0,0.09552845
0,0.033670034
0,0.008508225
0,0.02887538
0,0.09552845
0,0.0
0,0.0021459227
0,0.23493235
0,0.05691057
0,0.001991536
0,0.05691057
0,0.033670034
0,0.07442151
0,0.020058997
1,0.14414415
0,0.09552845
0,0.008508225
0,0.001991536
0,0.0047410647
0,0.001991536
0,0.008508225
0,0.07030303
0,0.00931677
0,0.008508225
0,0.0173716
0,0.020058997
0,0.07030303
0,0.0047410647
0,0.033670034
0,0.008508225
0,0.020058997
0,0.07030303
0,0.0034042553
0,0.033670034
0,0.001991536
0,0.020058997
0,0.06676342
0,0.020058997
0,0.09552845
0,0.0047410647
0,0.001991536
0,0.001991536
0,0.0047410647
0,0.0173716
0,0.0034042553
0,0.001991536
0,0.07442151
0,0.020058997
0,0.001991536
0,0.09552845
0,0.001991536
0,0.0173716
0,0.0021459227
0,0.0047410647
0,0.0
0,0.0
1,0.02887538
0,0.0047410647
0,0.082474224
0,0.05170976
0,0.033670034
0,0.001991536
0,0.033670034
0,0.001991536
0,0.07442151
1,0.14071038
0,0.033670034
0,0.14071038
0,0.008508225
0,0.008508225
0,0.0173716
0,0.053333335
0,0.060606062
0,0.006376812
0,0.033670034
0,0.012170386
0,0.0034042553
0,0.008508225
0,0.07672302
0,0.14071038
0,0.033670034
0,0.06676342
0,0.05170976
0,0.020058997
0,0.012170386
0,0.008508225
0,0.053333335
0,0.033670034
0,0.001991536
0,0.0173716
0,0.07030303
0,0.008508225
0,0.0047410647
0,0.09552845
0,0.006376812
0,0.020058997
0,0.0047410647
0,0.05691057
0,0.033670034
0,0.23493235
0,0.0
0,0.033670034
0,0.020058997
0,0.0021459227
0,0.033670034
0,0.020058997
0,0.0173716
0,0.00931677
0,0.02887538
0,0.001991536
0,0.0173716
1,0.033670034
0,0.09552845
0,0.008508225
0,0.07030303
0,0.0173716
0,0.09552845
0,0.001991536
0,0.23493235
0,0.006376812
0,0.006376812
0,0.012170386
0,0.001991536
0,0.0173716
1,0.14229248
0,0.020058997
0,0.033670034
0,0.07030303
0,0.001991536
0,0.006993007
0,0.04901961
0,0.008508225
0,0.001991536
0,0.033670034
1,0.07030303
0,0.060606062
0,0.033670034
1,0.07030303
0,0.008508225
0,0.001991536
0,0.001991536
0,0.006376812
0,0.008508225
0,0.0021459227
0,0.001991536
0,0.020058997
0,0.008508225
0,0.0034042553
1,0.14071038
0,0.14229248
0,0.04901961
0,0.0034042553
0,0.07442151
0,0.09552845
0,0.11594203
0,0.0
0,0.001991536
0,0.033670034
0,0.0047410647
0,0.07030303
0,0.0021459227
0,0.020058997
0,0.0047410647
1,0.033670034
1,0.02887538
0,0.06676342
0,0.011166253
0,0.006376812
0,0.07672302
0,0.060606062
0,0.033670034
0,0.0047410647
0,0.04901961
0,0.14071038
0,0.011166253
0,0.008508225
0,0.0047410647
0,0.006376812
0,0.05691057
1,0.14071038
0,0.09552845
0,0.0047410647
0,0.0173716
0,0.008508225
0,0.006376812
0,0.14229248
0,0.07442151
0,0.020058997
0,0.07030303
0,0.07030303
0,0.001991536
0,0.09552845
0,0.020058997
0,0.0047410647
0,0.004830918
1,0.07030303
0,0.001991536
0,0.05170976
0,0.0
0,0.14071038
0,0.0
0,0.001991536
0,0.14071038
0,0.14071038
0,0.011166253
0,0.008508225
0,0.06676342
0,0.09552845
0,0.001991536
0,0.001991536
0,0.06676342
0,0.07672302
0,0.07442151
0,0.020058997
0,0.14071038
0,0.0047410647
0,0.033670034
0,0.033670034
0,0.0173716
0,0.006376812
0,0.05170976
0,0.020058997
0,0.033670034
0,0.012170386
0,0.0021459227
0,0.006376812
0,0.033670034
0,0.05170976
0,0.09552845
0,0.0047410647
0,0.033670034
0,0.04901961
0,0.0034042553
0,0.033670034
0,0.0047410647
0,0.001991536
0,0.0173716
0,0.0047410647
0,0.0034042553
0,0.0047410647
0,0.008508225
0,0.020058997
1,0.09552845
0,0.008508225
0,0.02887538
0,0.06676342
0,0.0
0,0.09552845
0,0.0021459227
0,0.0034042553
0,0.033670034
0,0.001991536
0,0.020058997
0,0.014492754
0,0.0021459227
0,0.05170976
0,0.09552845
0,0.07030303
0,0.0034042553
