year,feature,raw_variable,missing_v1,missing_v2,values_changed
2023,income,INCOME3,196006,85998,110008
2023,employment,EMPLOY1,146913,7524,139389
2023,health_insurance,PRIMINS1,45415,18453,26962
2023,average_drinks,AVEDRNK3,223581,222562,1650
2023,max_drinks,MAXDRNKS,231199,226685,4516
2023,alcohol_days_code,ALCDAY4,29711,29711,402138
2024,income,INCOME3,203153,86855,116298
2024,employment,EMPLOY1,154676,8279,146397
2024,health_insurance,PRIMINS2,47501,18359,29142
2024,average_drinks,AVEDRNK4,250037,248934,1512
2024,max_drinks,MAXDRNKS,257351,252701,4653
2024,alcohol_days_code,ALCDAY4,43507,43508,412711
