pt,treat_all,treat_none,xgb_full,xgb_pre,lr_pre
0.01,0.032819803920880686,0.0,0.035185477561302504,0.034618852645945386,0.03462201030801239
0.015,0.02791025977834708,0.0,0.03247637804299646,0.03192533128336416,0.031755597597163426
0.02,0.022950618246603955,0.0,0.0301519565797837,0.02942253664230541,0.029060543981399435
0.025,0.017940108596586537,0.0,0.02808548789792277,0.026849006807325663,0.026695819714228883
0.03,0.01287794420790915,0.0,0.026027197778915694,0.024741671232255374,0.024342883470659084
0.035,0.0077633221571729236,0.0,0.024162222898110968,0.022625395859841472,0.02257638392720558
0.04,0.002595422793408207,0.0,0.02249141291343445,0.02097564740843657,0.02070211493188221
0.045,-0.0026265906998200264,0.0,0.02096732249599465,0.019276920736124324,0.01908403332308884
0.05,-0.007903572756134875,0.0,0.01944205773203415,0.017607843854164758,0.01736409450162398
0.055,-0.013236395892410713,0.0,0.01815702468706984,0.016402055142358485,0.015798217708603263
0.06,-0.01862595118971077,0.0,0.017000583831560903,0.015232584206001395,0.014674618600331577
0.065,-0.024073148789655746,0.0,0.01583177462465614,0.014054568115414405,0.013524266632984937
0.07,-0.029578918406804447,0.0,0.014936862037669887,0.012994979090957754,0.012362541254741725
0.075,-0.035144209857652015,0.0,0.013878379942985708,0.011766472968279151,0.011119664297851169
0.08,-0.040769993606878385,0.0,0.012896486803489536,0.010775178579518853,0.010341755138408563
0.085,-0.046457261331506156,0.0,0.01195004843186418,0.010119633980377976,0.009578816769382707
0.09,-0.05220702650365727,0.0,0.011687768061508945,0.009401921454717565,0.008805585985162229
0.095,-0.058020324992627756,0.0,0.010928313685755172,0.008677493783970671,0.008058161692883693
0.1,-0.06389821568703126,0.0,0.010160420928048575,0.008153551258796134,0.007759896054442772
0.105,-0.06984178113779678,0.0,0.009901469771148296,0.007733326088939167,0.007247886997800162
0.11,-0.07585212822284058,0.0,0.009287062585453492,0.007296931284661107,0.006727523211477144
0.115,-0.08193038883426906,0.0,0.00866571294568304,0.006865940713616165,0.006202784106481837
0.12,-0.08807772058900921,0.0,0.008037302514551559,0.00638058248339596,0.005693264706811078
0.125,-0.09429530756380357,0.0,0.007401710249921435,0.005962718536528888,0.005307729204915728
0.13,-0.10058436105554956,0.0,0.007239502860587764,0.005462331934646316,0.005039398790821099
0.135,-0.10694612036800942,0.0,0.00672071561991994,0.005043698940102434,0.004761541452589042
0.14,-0.11338185362596297,0.0,0.00647861687547625,0.004616967023972041,0.004522995979977974
0.145,-0.11989285861792763,0.0,0.0061050410751513125,0.0040802964533792115,0.0038924740356158435
0.15,-0.1264804636686213,0.0,0.005186986222067849,0.003878661572305199,0.0037335948620504118
0.155,-0.13314602854240015,0.0,0.004967139450266605,0.0036813544040946713,0.0035547489711595824
0.16,-0.13989094537896202,0.0,0.00474260793816195,0.003481698341024495,0.003369776763316185
0.165,-0.14671663966266846,0.0,0.00451538742591233,0.003281939074265501,0.0031969406099229105
0.17,-0.15362457122690137,0.0,0.004285429317129581,0.0030775411475704832,0.0030214641127901667
0.175,-0.16061623529494318,0.0,0.0040526838373312855,0.0028706656702488587,0.002834878833489463
0.18,-0.1676931635589367,0.0,0.00366658477282932,0.0026496892270068944,0.002646018123953383
0.185,-0.17485692529856212,0.0,0.0035133478379152042,0.0024377215731149543,0.002309439130122862
0.19,-0.1821091285411458,0.0,0.003358219088989804,0.0022404327062580318,0.001978138842790921
0.195,-0.18945142126500386,0.0,0.003124934828273849,0.0020778723921421405,0.0018380404399100502
0.2,-0.19688549264791017,0.0,0.0029842537918258654,0.0019132800740998034,0.0016961908069931687
0.205,-0.20441307436267686,0.0,0.002841803182592372,0.0017466174124342905,0.001555542448279052
0.21,-0.2120359419219343,0.0,0.0025435167801759577,0.001577845096823645,0.0014101825674936947
0.215,-0.21975591607430334,0.0,0.002431031062478199,0.001406922815409042,0.0012940179600577882
0.22,-0.22757486425426682,0.0,0.002317103220194571,0.0012338092226942517,0.0010405441110547054
0.225,-0.2354947020881653,0.0,0.002205066723436677,0.0010584619062024968,0.0009277414872995776
0.23,-0.24351739495886765,0.0,0.002088267180313029,0.0008842957436218987,0.0008253527183711279
0.235,-0.25164495963180145,0.0,0.001969940845776001,0.0009514469212485272,0.0007129230450236522
0.24,-0.2598794659451686,0.0,0.0018500575857845376,0.0009012632310195425,0.0005990140338689729
0.245,-0.268223038567322,0.0,0.0017285864680448432,0.0008504148561517635,0.0004720181998440409
0.25,-0.27667785882443746,0.0,0.001605495735401953,0.0007988885029524139,0.0003550615568677397
0.255,-0.2852461666017827,0.0,0.0014807527781598292,0.0007466705208510594,0.00022495693182056613
0.26,-0.29393026232206504,0.0,0.001354324105279298,0.0006937468903429303,0.0003357647331249275
0.265,-0.302732509004528,0.0,0.0012791825077837085,0.0006401032104401327,0.00031213596935821897
0.27,-0.3116553344086687,0.0,0.0011492448069075224,0.0005857246856071597,0.00028818352389607606
0.275,-0.3207012332666595,0.0,0.001029252653978672,0.0005305961121558011,0.00026390069987583477
0.28,-0.3298727696087891,0.0,0.0008516331545160996,0.000559607888541546,0.0002392806144108676
0.285,-0.33917257918647287,0.0,0.0007893345510573717,0.0005356690316745893,0.0002143161920862512
0.29,-0.34860337199764524,0.0,0.0007308875832277447,0.000514002155808534,0.0001890001581795974
0.295,-0.3581679349196143,0.0,0.0006669310742090156,0.0004920279483699111,0.00014846237160427245
0.3,-0.36786913445475444,0.0,0.0006020609007757324,0.0004052332985990506,0.00012570502323888926
