model,measure,weighted_estimate,design_lo,design_hi
"XGBoost pre-event, 2023 test",roc_auc,0.8394171180894118,0.8238925251724426,0.8553484717161751
"XGBoost pre-event, 2023 test",pr_auc,0.16728411928202386,0.15018648175236907,0.18935610485122067
"XGBoost pre-event, 2023 test",brier,0.030987845267687025,0.028949826296656156,0.032929491187901824
"XGBoost pre-event, 2023 test",observed_over_expected,1.0800284971117124,1.0076373450089544,1.1514495415694748
"XGBoost pre-event, 2023 test",sensitivity,0.5833636983143486,0.5455346885096716,0.6217659432195782
"XGBoost pre-event, 2023 test",specificity,0.8729030158575584,0.8682039969009309,0.8771700717124398
"XGBoost pre-event, 2023 test",ppv,0.14269434935244416,0.13032855010938998,0.1549807323835655
"Logistic regression pre-event, 2023 test",roc_auc,0.8332636990330645,0.8164848733193497,0.8509477790557729
"Logistic regression pre-event, 2023 test",pr_auc,0.17158289608414903,0.1471396618025318,0.2085279271941953
"Logistic regression pre-event, 2023 test",brier,0.03102768661564087,0.02902819819243082,0.03295843536352684
"Logistic regression pre-event, 2023 test",observed_over_expected,1.084509054608667,1.010440055188535,1.1591719162625105
"Logistic regression pre-event, 2023 test",sensitivity,0.6133229565836634,0.5745372612750572,0.650567890375837
"Logistic regression pre-event, 2023 test",specificity,0.8499076443737339,0.8452405729976425,0.8547439806497446
"Logistic regression pre-event, 2023 test",ppv,0.1290584878745569,0.11755529342049455,0.14006674210028194
"XGBoost pre-event (35), BRFSS 2024",roc_auc,0.8313419954454986,0.8248420500967221,0.8372105997646068
"XGBoost pre-event (35), BRFSS 2024",pr_auc,0.17282388894443806,0.16484446169887665,0.18261866104476362
"XGBoost pre-event (35), BRFSS 2024",brier,0.031242450329397098,0.030471874516625298,0.03228974683844638
"XGBoost pre-event (35), BRFSS 2024",observed_over_expected,1.0648396852411683,1.0364768464098908,1.1054239412947882
"XGBoost pre-event (35), BRFSS 2024",sensitivity,0.5790782938695791,0.5637053141732233,0.592649102302909
"XGBoost pre-event (35), BRFSS 2024",specificity,0.8618248899489396,0.8597714706590203,0.8639260413703387
"XGBoost pre-event (35), BRFSS 2024",ppv,0.132970492262072,0.12898035054196852,0.13771181916048994
