study,doi,group,order,test_stroke,test_n,headline,headline_sens,others,s,source,test_stroke_share,signature_A_test_composition,signature_B_sens_ge_s_minus_0.03
"Tazin et al. 2021, J Healthc Eng",10.1155/2021/7633381,oversampled before split,"Text: SMOTE balances the dataset; 'after splitting, the model is trained' (80/20)",1413.0,2820.0,Random forest,0.9490445859872612,Recall 0.95 in classification report (Fig. 14),0.9487759720222176,"Fig. 13 confusion matrix (1,366/41/72/1,341)",0.5010638297872341,True,True
"Sahriar et al. 2024, Heliyon",10.1016/j.heliyon.2024.e27411,oversampled before split,"Figs. 4 and 6: SMOTE in preprocessing, then 'Balanced Data -> Train-Test Split' (70/30)",,,Random forest,0.9612,,0.9487759720222176,Results text: recall 96.12%,,not reported,True
"Rehman et al. 2023, PeerJ Comput Sci",10.7717/peerj-cs.1684,oversampled before split,"Text: 'after balancing the stroke dataset, we divide the dataset into two sets: train and test'",1425.0,2917.0,"Stacking (also RF, DT, ET, GBM, KNN)",1.0,"LR 0.836, SVM 0.623 (SMOTE)",0.9487759720222176,Tables 4 and 6 (stroke recall = TN/(TN+FN) in the paper's labelling),0.4885155982173466,True,True
"Sheela Lavanya J M et al. 2024, Sci Rep (retracted)",10.1038/s41598-024-70354-1,oversampled before split,"Test set has 616 stroke cases, more than the 249 in the whole dataset",616.0,1106.0,"Random forest (also DT, KNN, XGB)",1.0,GB 0.94; LR 0.85; SVM 0.85,0.9487759720222176,Table 4 and confusion counts in text (paper labels non-stroke as positive),0.5569620253164557,True,True
"Chakraborty et al. 2024, BMC Bioinformatics",10.1186/s12859-024-05866-8,oversampled before split,"Text: 'post-oversampling, both classes comprise 4861 cases each ... for training and testing'",945.0,1969.0,Proposed stacking,0.9968253968253968,"RF 0.771, KNN 0.838 (base models)",0.9487759720222176,"Table 3 (TP 942, FP 20, FN 3, TN 1,004)",0.47993905535804976,True,True
"Chakraborty et al. 2025, PLOS ONE",10.1371/journal.pone.0328967,oversampled before split,"Text: dataset oversampled to 4,861 per class before modelling",907.0,1968.0,EnShap,0.9327453142227122,RF 0.772 (base-model rows identical to Chakraborty et al. 2024),0.9487759720222176,"Table 6 (TP 846, FP 89, FN 61, TN 972)",0.4608739837398374,True,True
"Singh et al. 2024, Sci Rep",10.1038/s41598-024-80129-3,oversampled before split,"Text: random oversampling to 4,861 per class; 'after data preprocessing, the data has been split' (70/30)",,,"RF + DT voting (also RF, DT, XGB, KNN)",1.0,"SVM 0.890, AdaBoost 0.904, SGD 0.874",0.9487759720222176,Table 3,,not reported,True
"Akinwumi et al. 2025, Front Neurol",10.3389/fneur.2025.1668420,training-only or none,Text: random over-sampling 'applied to the training folds',50.0,1022.0,Gradient boosting / KNN (best),0.02,"LR, RF, SVM 0.00",0.9487759720222176,Fig. 6 caption (confusion matrices),0.04892367906066536,False,False
"Sutcu et al. 2025, Stroke Res Treat",10.1155/srat/2892726,training-only or none,Text: no rebalancing; stratified 70/30 split,,,Naive Bayes (best),0.404,Other models 0.011-0.213,0.9487759720222176,Table 7,,not reported,False
"Kokkotis et al. 2022, Diagnostics",10.3390/diagnostics12102392,training-only or none,Text: random under-sampling within each training fold (nested 10-fold CV),,,MLP (best),0.814,"Different Kaggle dataset (43,400 records, 783 strokes)",0.9816270502381679,Table 3,,not reported,False
"El-Geneedy et al. 2025, Sci Rep (retracted)",10.1038/s41598-025-11263-9,training-only or none,Text: resampling 'only used in the training datasets in each cross-validation iteration',,,DNN (best test recall),0.72,Other models 0.04-0.64 (training recall 0.92-0.98),0.9487759720222176,Table 7,,not reported,False
