,mean_abs_shap
age,0.53599316
hypertension_status,0.34052253
computed_michd,0.26828685
health_insurance,0.15122513
arthritis,0.13937834
income,0.107504115
diabetes_status,0.10025835
cholesterol_status,0.06529704
asthma_ever,0.0551839
alcohol_days_code,0.05458324
education,0.05256978
heart_attack,0.052353565
kidney_disease,0.04853582
home_ownership,0.04054177
copd,0.039427318
medical_cost_barrier,0.038423486
smoked_100,0.03482699
other_cancer,0.032193493
bmi,0.029169904
marital,0.028204126
current_smoking_detail,0.0276513
smoking_status,0.026284065
max_drinks,0.024010384
alcohol_any,0.019253388
race_ethnicity,0.017985128
ecigarette_use,0.013127035
children_count,0.010139992
sex,0.005910541
average_drinks,0.002407126
bmi_missing,0.0019541855
coronary_heart_disease,0.0018640258
smokeless_tobacco,0.0016396736
heavy_drinking,0.001045664
skin_cancer,0.0006786691
binge_drinking,0.0005976614
asthma_current,0.00049949717
bmi_category,0.00012040992
