quantity,estimate,lo,hi
auc_simple,0.783823305074973,0.777447246443624,0.7910065393388612
auc_xgb,0.8108732492281943,0.8048104640832446,0.8173099475377437
delta_auc_xgb_minus_simple,0.02704994415322126,0.023704389748963793,0.030383946360395105
ap_simple,0.1320900340100904,0.12530161816040275,0.13944551341810726
ap_xgb,0.16238943994221605,0.15382989221620144,0.1721626083168412
delta_ap_xgb_minus_simple,0.030299405932125656,0.024349993776294227,0.036137863289772865
brier_simple,0.03853403237407993,0.03745387134195092,0.03966256837173651
brier_xgb,0.037712093715380965,0.03666232368193613,0.038769669463481676
delta_brier_xgb_minus_simple,-0.0008219386586989647,-0.0009682270004948498,-0.0006736502343979309
nb05_simple,0.015671255248228246,0.014482885748584732,0.01683400059718591
nb05_xgb,0.017607843854164758,0.016460683229435173,0.018773666538698254
delta_nb05_xgb_minus_simple,0.0019365886059365123,0.0014125122636392989,0.0024443794446171005
nb08_simple,0.00847113782462711,0.0075721743157597995,0.00947407765377471
nb08_xgb,0.010775178579518853,0.009810144424140828,0.011745838178514078
delta_nb08_xgb_minus_simple,0.002304040754891743,0.001753678561900015,0.0028321402862306264
simple_threshold,0.06249166110740493,,
simple_sensitivity,0.5934604904632153,,
simple_specificity,0.7947400241837969,,
simple_ppv,0.11371586696601055,,
simple_fp_per_tp,7.793847566574839,,
simple_cal_slope,0.9438100392753173,,
