model,group,n,cases,prevalence,roc_auc,roc_auc_lo,roc_auc_hi,pr_auc,observed_over_expected,ece,sensitivity,specificity,ppv,fp_per_tp
xgb_pre,All,86370,3670,0.042491605881671876,0.8108732492281943,0.8049543889697416,0.8169606688729755,0.16238943994221605,1.0120367768630851,0.0010918604951688912,0.6098093,0.82033855,0.13090782,6.638963
xgb_pre,Sex: Female,45623,1929,0.042281305481884135,0.8063863862310446,0.7967412448532685,0.8156074896787008,0.15788990548184764,0.9799811406286191,0.0009075531614068315,0.61689997,0.81310934,0.12719111,6.862185
xgb_pre,Sex: Male,40747,1741,0.04272707193167595,0.8162909840259924,0.8061997838893373,0.8246732872890696,0.16793319828785028,1.0500949055299786,0.0024407378346332997,0.6019529,0.8284367,0.13540052,6.385496
xgb_pre,Age: 18-44,25860,257,0.009938128383604021,0.7944632278774479,0.7635982812744601,0.8241836481724594,0.09118591559018446,1.3571409391575746,0.00268593907944078,0.20622568,0.9875796,0.14285715,6.0
xgb_pre,Age: 45-64,28061,1021,0.036385018352874096,0.8146794895942601,0.8016735869608977,0.8283974124672605,0.16342204723105602,0.9979436305159289,0.0016178076168966958,0.54750246,0.8737796,0.14073515,6.1055455
xgb_pre,Age: 65-79,24706,1608,0.06508540435521736,0.720287131534293,0.7076162832281699,0.7336261533899607,0.16784154416711486,0.9688460673018986,0.002710110913726891,0.63619405,0.6924409,0.12587671,6.9442816
xgb_pre,Age: 80 (top-coded),7743,784,0.1012527444143097,0.6468490920581482,0.626001262281066,0.667351370345442,0.166680858125278,1.0395510234673324,0.008488599571101402,0.7691327,0.4218997,0.13035019,6.671642
xgb_full,All,86370,3670,0.042491605881671876,0.8323031425756732,0.8267066448703297,0.838624680187226,0.18595030201253143,1.0072864240854325,0.0009913073285462205,0.61662126,0.83978236,0.14587764,5.8550596
xgb_full,Sex: Female,45623,1929,0.042281305481884135,0.8299654380387017,0.8208614988575323,0.8381191322708139,0.17799189883721858,0.9721649753673813,0.001241237372635767,0.62519443,0.8336156,0.1422841,6.0281925
xgb_full,Sex: Male,40747,1741,0.04272707193167595,0.8351681369923118,0.8257489296174775,0.84312779897486,0.19575100133882678,1.0492877396103726,0.002635561423440601,0.60712236,0.84669024,0.15020606,5.6575212
xgb_full,Age: 18-44,25860,257,0.009938128383604021,0.8148318586814441,0.7857883633956548,0.8446076533707187,0.10706387490882818,1.426544747030521,0.003096343701944647,0.24513619,0.98726714,0.16195373,5.174603
xgb_full,Age: 45-64,28061,1021,0.036385018352874096,0.846964358674927,0.8355681159650685,0.8580988419166427,0.18963172039205795,0.9811133964747252,0.0016786447497215327,0.6013712,0.87777364,0.15667263,5.382736
xgb_full,Age: 65-79,24706,1608,0.06508540435521736,0.7523562538420547,0.7398857574066617,0.7638474127672812,0.18791211368026217,0.9738344154956389,0.002877243876858188,0.6368159,0.7303663,0.14120242,6.0820312
xgb_full,Age: 80 (top-coded),7743,784,0.1012527444143097,0.6808846311192964,0.6616289164924404,0.7007561373425415,0.19960927411392917,1.016284686941439,0.007685843876933455,0.71683675,0.51271737,0.1421705,6.0338078
