model,n_features,calibration,eval,threshold,roc_auc,pr_auc,brier,ece,cal_slope,cal_intercept,sensitivity,specificity,ppv,npv,f2,fp_per_tp,flagged_per_1000,prevalence,roc_auc_lo,pr_auc_lo,brier_lo,ece_lo,sensitivity_lo,specificity_lo,ppv_lo,npv_lo,f2_lo,fp_per_tp_lo,roc_auc_hi,pr_auc_hi,brier_hi,ece_hi,sensitivity_hi,specificity_hi,ppv_hi,npv_hi,f2_hi,fp_per_tp_hi
xgb_full,55,isotonic,test_2023,0.0833555703802535,0.8323031425756732,0.18595030201253143,0.03705969080328941,0.0009913073285462205,0.9444483970510845,0.00835708771831835,0.6166212558746338,0.8397823572158813,0.1458776444196701,0.980143129825592,0.37475571036338806,5.855059623718262,179.61097717285156,0.042491605881671876,0.826484987714211,0.1764428479407041,0.03602020503563742,0.0004924210717101752,0.6012958150934367,0.8373065900259559,0.14059746140926405,0.9791628103391241,0.36388310690999065,5.595062033617466,0.8385486034675346,0.19686035403111565,0.03809777411596772,0.0023994530153446515,0.6317869262696029,0.8425189900238673,0.15162859652990793,0.9811668842412901,0.38538930057560805,6.112504029828102
xgb_full,55,isotonic,test_2023_weighted,0.0833555703802535,0.852712315152362,0.1986808410074345,0.030309457395446195,0.0023532917422142427,0.9249585332635746,0.06835750763617908,0.597822457185238,0.8825665980050315,0.15583798481944758,0.9837437912221717,0.3814502141438344,5.416920760099604,134.24426212189573,0.034994261308199166,,,,,,,,,,,,,,,,,,,,
xgb_pre,37,isotonic,test_2023,0.07408272181454302,0.8108732492281943,0.16238943994221605,0.03771209716796875,0.0010918604951688912,0.955312054603021,0.013527708374065835,0.6098092794418335,0.8203385472297668,0.1309078186750412,0.979328453540802,0.35215261578559875,6.638963222503662,197.93910217285156,0.042491605881671876,0.8048104640832446,0.15382989221620144,0.03666232368193613,0.0005021676778357072,0.5945580061573863,0.8177736099140351,0.12596448192917714,0.9783516744023959,0.3420690210973577,6.354268341307814,0.8173099475377437,0.1721626083168412,0.038769669463481676,0.002377444652964475,0.6260150563197212,0.8229158989418074,0.13597545719162474,0.9804382043684037,0.36212066009481936,6.938745785503536
xgb_pre,37,isotonic,test_2023_weighted,0.07408272181454302,0.8394171180894118,0.16728411928202386,0.030987845356001693,0.003021505070772323,0.9685696617107901,0.08705293887627814,0.5833636983143486,0.8729030158575584,0.14269434935244416,0.9829860403571712,0.3606261993234623,6.0079859821924435,143.06370076440672,0.034994261308199166,,,,,,,,,,,,,,,,,,,,
lr_full,55,isotonic,test_2023,0.0912374916611074,0.8265102451657117,0.17725153359999093,0.03735808380900103,0.00137568646639811,0.9183622693746082,0.009026788210694562,0.5768392370572207,0.8534220072551391,0.14867617107942974,0.9784697286880814,0.3660223382551264,5.726027397260274,164.86048396433947,0.042491605881671876,0.8207694453384645,0.16776224472841483,0.036318849876868474,0.000747211430530144,0.5606592393194839,0.8512043765799375,0.14308571771847264,0.9774412531880505,0.3549086102664446,5.455903792937777,0.8327339399301054,0.18754092424862476,0.03837897528093605,0.0027847220588850296,0.5924787428400243,0.8559587014218365,0.15489697994482532,0.9794511483314297,0.37791030526038594,5.9888177770701185
lr_full,55,isotonic,test_2023_weighted,0.0912374916611074,0.8473824197495075,0.19224417826757864,0.03055256633917447,0.002643584592745979,0.880170917497007,0.07335143217212968,0.5416176675667954,0.8933060770423404,0.15546654027706275,0.9817321461659745,0.361859025687668,5.432252227507362,121.91375812565215,0.034994261308199166,,,,,,,,,,,,,,,,,,,,
lr_pre,37,isotonic,test_2023,0.0694462975316878,0.8059944301486941,0.15582408019092242,0.03790261120869345,0.0011310411054721039,0.9462662532221314,0.012644034863939634,0.6493188010899182,0.7886940749697703,0.12000201430154094,0.9806501082511426,0.3449823382940529,7.333193453629878,229.9177955308556,0.042491605881671876,0.8000165859285944,0.14787841556542908,0.03684441217845136,0.0006400326610807675,0.6347208699030901,0.7860399025397499,0.11559810987529856,0.9796597324541034,0.3353969073193947,7.03269283095723,0.8125217315081705,0.1651341983295183,0.038979074251997654,0.0024966753564192746,0.6644162631371603,0.7915343594242332,0.12449125442610715,0.9817019510606795,0.3547211099948779,7.6506605588466075
lr_pre,37,isotonic,test_2023_weighted,0.0694462975316878,0.8332636990330645,0.17158289608414903,0.03102768661564087,0.0027806504074872965,0.9653492294530961,0.09118484416046552,0.6133229565836634,0.8499076443737339,0.1290584878745569,0.9837693145844325,0.35037868738217454,6.748424892223954,166.30276832212346,0.034994261308199166,,,,,,,,,,,,,,,,,,,,
xgb_full_2024feats,52,isotonic,test_2023,0.08242828552368245,0.8218794302640119,0.17796428173976386,0.037292443215847015,0.0008252038581473078,0.9409395594075323,0.007548735336749158,0.6095367670059204,0.8371221423149109,0.14242057502269745,0.9797206521034241,0.3680850565433502,6.021457195281982,181.8571319580078,0.042491605881671876,,,,,,,,,,,,,,,,,,,,
xgb_full_2024feats,52,isotonic,temporal_2024,0.08242828552368245,0.8235445798772834,0.1908971250014183,0.03936247527599335,0.0015677468770673214,0.9486184130647365,0.03767913648442822,0.622235119342804,0.8301094770431519,0.14802022278308868,0.9788691401481628,0.3792397379875183,5.755833625793457,190.3760986328125,0.045287559894611785,0.8209381906728092,0.1859347578989136,0.038947866121966386,0.0011019298341465977,0.6152999947264621,0.8290495309611686,0.1456890358525422,0.9784106157008191,0.37464649749859474,5.6529673877476005,0.8261286761005541,0.19541748260193312,0.0398200835179765,0.002166314707011905,0.6285397654110927,0.8311712819764805,0.15030887431757642,0.9792989889105144,0.38341940928423246,5.863935107786213
xgb_full_2024feats,52,isotonic,temporal_2024_weighted,0.08242828552368245,0.8487103773080172,0.19277587075398295,0.030718938628316195,0.0019187940777806844,0.9346501050089621,0.056990602807216635,0.5906276911477685,0.8777923189005586,0.1502811428137945,0.983220024119173,0.3723936895416127,5.654194806324089,138.74406464650923,0.035302470416159006,,,,,,,,,,,,,,,,,,,,
xgb_pre_2024feats,35,isotonic,test_2023,0.07269179452968645,0.803204532649773,0.16206216510738608,0.0378229133784771,0.0009087165358719057,0.9631403246058735,0.01556095710036973,0.605177104473114,0.8138936161994934,0.12610720098018646,0.9789260625839233,0.34389322996139526,6.9297614097595215,203.91339111328125,0.042491605881671876,,,,,,,,,,,,,,,,,,,,
xgb_pre_2024feats,35,isotonic,temporal_2024,0.07269179452968645,0.8045909498473784,0.1720172769909583,0.0400034561753273,0.0016473886832144727,0.9560548015552502,0.0363502738019559,0.624606728553772,0.800267219543457,0.1291791796684265,0.9782329201698303,0.3534764349460602,6.741185665130615,218.97425842285156,0.045287559894611785,0.8020400336650859,0.16753007809960468,0.03956930607525141,0.001146592284483547,0.6181225056978481,0.7991095795159644,0.12717158589841765,0.9777836132521718,0.34937393074045814,6.623544770172814,0.8071098651309987,0.17602429251346366,0.040492758214498215,0.00220090726653073,0.6308062866574466,0.8014328476159737,0.13117257607044258,0.9786883843475775,0.3574590818750661,6.863391770149583
xgb_pre_2024feats,35,isotonic,temporal_2024_weighted,0.07269179452968645,0.8313419954454986,0.17282388894443806,0.03124245033021354,0.002318040575690989,0.9544761149599609,0.07108628196217259,0.5790782938695791,0.8618248899489396,0.132970492262072,0.9824408839931416,0.34654851466911263,6.5204655031967285,153.74008165420392,0.035302470416159006,,,,,,,,,,,,,,,,,,,,
