model,measure,estimate,lo,hi
"XGBoost, 2023 test",ici,0.0027519501054158826,0.0009273253390730103,0.003800326776746928
"XGBoost, 2023 test",e50,0.001286240496962049,0.0005783815595209473,0.0024117351975043166
"XGBoost, 2023 test",e90,0.0057720657711601425,0.0016491596035749724,0.010580183385382826
"XGBoost, 2023 test",emax,0.0785780988038482,0.005427242743571583,0.1141318235190862
"Logistic regression, 2023 test",ici,0.0015624860719132098,0.0008269504933791367,0.0033109838755397696
"Logistic regression, 2023 test",e50,0.001020936593564962,0.00036603565376606056,0.0017971472261904943
"Logistic regression, 2023 test",e90,0.0036116070988087418,0.0013277275596915439,0.009659490885432083
"Logistic regression, 2023 test",emax,0.06702798924674358,0.006432505942459664,0.19088397378052807
"XGBoost, BRFSS 2024",ici,0.0027015474463136717,0.0019419374019485523,0.0030884820227866823
"XGBoost, BRFSS 2024",e50,0.0019918242812011063,0.0011054135448230122,0.002416659666052795
"XGBoost, BRFSS 2024",e90,0.0034697414903797075,0.00300237440985281,0.006446282125910239
"XGBoost, BRFSS 2024",emax,0.08882030156600618,0.05102004773872335,0.12517172976359733
