model,predicted,observed,lo,hi,share_of_predictions_below
"XGBoost, 2023 test",0.005,0.00525765013488214,0.004511371004925394,0.006311861051577069,0.26679402570336924
"XGBoost, 2023 test",0.01,0.011508742116753198,0.009964646539924875,0.012743700736545028,0.4027208521477365
"XGBoost, 2023 test",0.015,0.017675702212703523,0.014681007225286438,0.019193756372505526,0.4373277758480954
"XGBoost, 2023 test",0.02,0.022884303175133028,0.019339346601290046,0.024975019513303928,0.46763922658330437
"XGBoost, 2023 test",0.025,0.027022081587831783,0.02367030469883035,0.02898857439307031,0.5442746323955077
"XGBoost, 2023 test",0.030000000000000002,0.030607584963153665,0.02813351671894554,0.032531161050500766,0.5607386824128748
"XGBoost, 2023 test",0.034999999999999996,0.034058909446442805,0.031772345165285654,0.03649303735833851,0.6496005557485238
"XGBoost, 2023 test",0.04,0.037625557639344005,0.03516904095653063,0.04113835123426063,0.6515572536760449
"XGBoost, 2023 test",0.045,0.041469761728498596,0.03899528434282808,0.04578252213245984,0.6554938057195786
"XGBoost, 2023 test",0.049999999999999996,0.04571025866966477,0.04315476426941497,0.05110826405586817,0.6905754312840107
"XGBoost, 2023 test",0.055,0.05044506915772818,0.04777339891722705,0.056608622087561046,0.7277526919069122
"XGBoost, 2023 test",0.06,0.055711683804997275,0.0530498733903021,0.0617561297665675,0.7429084172745166
"XGBoost, 2023 test",0.065,0.06142817281834726,0.05861298946220928,0.06684017292240793,0.7481301377793215
"XGBoost, 2023 test",0.07,0.06750607154047279,0.06442932963166983,0.07214507601139823,0.7647678592103739
"XGBoost, 2023 test",0.07500000000000001,0.0738637444514365,0.07067550257794193,0.0778883314378976,0.8371425263401644
"XGBoost, 2023 test",0.08,0.08042371554924993,0.0772600925590358,0.08423766056901527,0.8551580409864536
"XGBoost, 2023 test",0.085,0.08711177793218762,0.08334349845514936,0.09065836589863159,0.8592566863494269
"XGBoost, 2023 test",0.09000000000000001,0.09385696869246352,0.08897966511076104,0.09815091720781625,0.8592566863494269
"XGBoost, 2023 test",0.095,0.10059193007433996,0.09413671376622433,0.10537379698009157,0.8592682644436725
"XGBoost, 2023 test",0.1,0.1072533970243953,0.09921955546163111,0.11249416778440471,0.9163830033576473
"XGBoost, 2023 test",0.10500000000000001,0.11378267001424604,0.1042629317557203,0.11955735039127868,0.916394581451893
"XGBoost, 2023 test",0.11,0.12012600026350011,0.10957113413173464,0.12636027679459774,0.9164177376403844
"XGBoost, 2023 test",0.115,0.12623485527553535,0.11484512843362678,0.13281956499602884,0.9164177376403844
"XGBoost, 2023 test",0.12000000000000001,0.13206605729176862,0.11990054030112512,0.13901074486271106,0.9193354173902976
"XGBoost, 2023 test",0.125,0.13758180192198813,0.12484802473748953,0.144713931230161,0.9193817297672803
"XGBoost, 2023 test",0.13,0.14274957231937097,0.1296845622515456,0.14993752748933625,0.9208637258307283
"XGBoost, 2023 test",0.135,0.14754196803850164,0.13439971006869744,0.1546547521458532,0.920910038207711
"XGBoost, 2023 test",0.14,0.15193646862250645,0.1389841882306898,0.1591736710671185,0.9209331943962024
"XGBoost, 2023 test",0.14500000000000002,0.15605937566565198,0.14348143178340222,0.16336639671208278,0.9623364594187797
"XGBoost, 2023 test",0.15,0.16014882175515968,0.14795814733160514,0.1675206213608808,0.9627764270001158
"XGBoost, 2023 test",0.155,0.1642103156135281,0.15253954876349143,0.17164289009201786,0.9627764270001158
"XGBoost, 2023 test",0.16,0.16824535648276107,0.1571396361686221,0.17573380835395286,0.9627764270001158
"XGBoost, 2023 test",0.165,0.17225534628953545,0.16165022618484967,0.17979061897802945,0.9627880050943615
"XGBoost, 2023 test",0.17,0.17624159915034007,0.16574827058757746,0.18382010533757073,0.9627880050943615
"XGBoost, 2023 test",0.17500000000000002,0.18020534971070523,0.17016777221529997,0.18777886201191377,0.9627880050943615
"XGBoost, 2023 test",0.18000000000000002,0.1841477604911782,0.17459555213525435,0.1916645998601255,0.9627995831886071
"XGBoost, 2023 test",0.185,0.18806992838305903,0.1790158158013536,0.19577326093281952,0.9627995831886071
"XGBoost, 2023 test",0.19,0.1919728904130236,0.18342238797582355,0.20038237350587682,0.9715873567210838
"XGBoost, 2023 test",0.195,0.19585762887639094,0.18727290342011751,0.2051282337090143,0.9715873567210838
"XGBoost, 2023 test",0.2,0.1997250759229838,0.1912262139291972,0.21014510469615466,0.9715873567210838
"XGBoost, 2023 test",0.20500000000000002,0.20357611766656744,0.19516774714437712,0.21462562968922838,0.9715873567210838
"XGBoost, 2023 test",0.21000000000000002,0.20741159787815214,0.19909818120360484,0.21858496269794866,0.9715873567210838
"XGBoost, 2023 test",0.215,0.21123232131458186,0.20286046869886468,0.2235227596843673,0.9715873567210838
"XGBoost, 2023 test",0.22,0.21503905672643975,0.20650992747552246,0.22759939629869722,0.9715873567210838
"XGBoost, 2023 test",0.225,0.21883253958312615,0.21010079182162322,0.23216832834657042,0.9715873567210838
"XGBoost, 2023 test",0.23,0.22261347454776656,0.21365648243399618,0.23647885652216652,0.9715989348153294
"XGBoost, 2023 test",0.23500000000000001,0.22638253773022468,0.21715871488243285,0.2415172174941045,0.9914206321639458
"XGBoost, 2023 test",0.24000000000000002,0.23014037874278212,0.2207105688063475,0.24655293582398521,0.9914206321639458
"XGBoost, 2023 test",0.245,0.23388762257988902,0.22420849387745442,0.2515386304633224,0.9914206321639458
"XGBoost, 2023 test",0.25,0.2376248713406935,0.22771284898875213,0.25663111730154325,0.9914206321639458
"XGBoost, 2023 test",0.255,0.24135270581075124,0.23121166182184713,0.26167106462475787,0.9914206321639458
"XGBoost, 2023 test",0.26,0.24507168691733305,0.23468787427234214,0.26670867133745757,0.9914206321639458
"XGBoost, 2023 test",0.265,0.2487823570710397,0.23796545419384807,0.27174397001174694,0.9914206321639458
"XGBoost, 2023 test",0.27,0.2524852414049565,0.24114745761458165,0.27677699239502507,0.9914206321639458
"XGBoost, 2023 test",0.275,0.25618084892129944,0.24432094698028844,0.2818077694557958,0.9914206321639458
"XGBoost, 2023 test",0.28,0.2598696735543912,0.24748649077086365,0.2868333699042421,0.9963529003126086
"XGBoost, 2023 test",0.28500000000000003,0.26355219515783573,0.25064464003683523,0.2918525463124676,0.9963876345953456
"XGBoost, 2023 test",0.29000000000000004,0.26722888042291304,0.25379592958178515,0.29686949936809326,0.9963876345953456
"XGBoost, 2023 test",0.295,0.27090018373447083,0.2569408790620036,0.30188426162529336,0.9963876345953456
"XGBoost, 2023 test",0.3,0.274566547969942,0.2600799940110141,0.3068968649540456,0.9971633669098067
"XGBoost, 2023 test",0.305,0.27822840524653847,0.2632137667958132,0.31191433428727117,0.9971633669098067
"XGBoost, 2023 test",0.31,0.2818861776211699,0.2663426775109699,0.3172898983643243,0.9971633669098067
"XGBoost, 2023 test",0.315,0.28554027774718743,0.2694014385879494,0.3223860858339059,0.9971633669098067
"XGBoost, 2023 test",0.32,0.28919110949165694,0.27243572217101963,0.3273044742121664,0.9971633669098067
"XGBoost, 2023 test",0.325,0.2928390685165145,0.2754691471800528,0.3322201230685558,0.9971633669098067
"XGBoost, 2023 test",0.33,0.2964845428266482,0.27849907021398723,0.3371319941365451,0.9971633669098067
"XGBoost, 2023 test",0.335,0.300127913287668,0.2815259305664478,0.3420299793113391,0.9971633669098067
"XGBoost, 2023 test",0.34,0.3037695541158829,0.2845501591555227,0.34696619919814675,0.9971633669098067
"XGBoost, 2023 test",0.34500000000000003,0.30740983334277927,0.2875721791394456,0.3519606113056531,0.9971633669098067
"XGBoost, 2023 test",0.35000000000000003,0.31104911325610135,0.2905924065003892,0.35695314120847044,0.9971633669098067
"XGBoost, 2023 test",0.35500000000000004,0.31468775081945316,0.2936112505990905,0.3619438153765215,0.9971633669098067
"XGBoost, 2023 test",0.36,0.31832609807218726,0.29662911470279596,0.36693265990736984,0.9971749450040523
"XGBoost, 2023 test",0.365,0.3219645025112009,0.2996463964888135,0.3719197005447297,0.9971749450040523
"XGBoost, 2023 test",0.37,0.32560330745613225,0.3028270462853267,0.37690496269613943,0.9971749450040523
"XGBoost, 2023 test",0.375,0.3292428523993367,0.3060756000819756,0.3818884714498578,0.9971749450040523
"XGBoost, 2023 test",0.38,0.3328834733419186,0.3093261073433085,0.38687025159103866,0.9971749450040523
"XGBoost, 2023 test",0.385,0.3365255031170004,0.31257892744364363,0.39185032761723365,0.9971749450040523
"XGBoost, 2023 test",0.39,0.34016927170133016,0.3158344171471516,0.3968287237532728,0.9971749450040523
"XGBoost, 2023 test",0.395,0.34381510651624814,0.3190929309541568,0.40180546396556516,0.9982285515804099
"XGBoost, 2023 test",0.4,0.34746333271897323,0.3223548214371287,0.40678057197586087,0.9982285515804099
"XGBoost, 2023 test",0.405,0.3511142734851004,0.32553963228403127,0.41175407127451524,0.9982285515804099
"XGBoost, 2023 test",0.41000000000000003,0.3547682502831525,0.32866162767572915,0.41674292453313216,0.9982285515804099
"XGBoost, 2023 test",0.41500000000000004,0.35842558314197726,0.3317871553912719,0.42169838638900364,0.9982285515804099
"XGBoost, 2023 test",0.42000000000000004,0.36208659091173495,0.33491657521594187,0.42667067688996807,0.9982285515804099
"XGBoost, 2023 test",0.425,0.3657515915191893,0.3380502462393122,0.43164145856755165,0.9982285515804099
"XGBoost, 2023 test",0.43,0.36942090221797047,0.34118852717510356,0.4366107525605548,0.9982285515804099
"XGBoost, 2023 test",0.435,0.37309483983445413,0.34433177667626474,0.44157734437058366,0.9982401296746556
"XGBoost, 2023 test",0.44,0.37677372100987017,0.3474803536461027,0.4465008070518274,0.9982401296746556
"XGBoost, 2023 test",0.445,0.38045786243923296,0.3506346175462686,0.451353170241179,0.9982401296746556
"XGBoost, 2023 test",0.45,0.38414758110766045,0.3537949287023721,0.4562039771425832,0.9998842190575431
"XGBoost, 2023 test",0.455,0.3878431945246359,0.35696164860798046,0.4610532914164398,0.9998842190575431
"XGBoost, 2023 test",0.46,0.39154502095674526,0.36013582554229245,0.4659011763914644,0.9998842190575431
"XGBoost, 2023 test",0.465,0.3952533796594181,0.36332335124262544,0.47074769509510694,0.9998842190575431
"XGBoost, 2023 test",0.47000000000000003,0.3989685911081808,0.36651842360946296,0.4755929102834517,0.9998842190575431
"XGBoost, 2023 test",0.47500000000000003,0.40269097722993313,0.36972141148327814,0.4804368844706619,0.9998842190575431
"XGBoost, 2023 test",0.48000000000000004,0.4064208616347435,0.3729326864010427,0.4852796799580257,0.9998842190575431
"XGBoost, 2023 test",0.485,0.4101585698486646,0.3761526229047953,0.4901213588626572,0.9998842190575431
"XGBoost, 2023 test",0.49,0.4139044295480641,0.3793815988536127,0.49510070578381854,0.9998842190575431
"XGBoost, 2023 test",0.495,0.41765877079596864,0.3826199957397062,0.5000861649430285,0.9998842190575431
"XGBoost, 2023 test",0.5,0.4214219262809236,0.38586819900936536,0.505070609951354,1.0
"XGBoost, 2023 test",0.505,0.4251942315588744,0.3891265983894937,0.510054047303386,1.0
"XGBoost, 2023 test",0.51,0.42897602529858625,0.39239558822049037,0.5150364834885389,1.0
"XGBoost, 2023 test",0.515,0.43276764953112573,0.3956755677962594,0.5200179249935617,1.0
"XGBoost, 2023 test",0.52,0.4365694499039446,0.39896694171214836,0.5249983783050539,1.0
"XGBoost, 2023 test",0.525,0.44038177594011557,0.4022701202216467,0.5299778499119836,1.0
"XGBoost, 2023 test",0.53,0.4442049813032928,0.40558551960270683,0.5349563463082192,1.0
"XGBoost, 2023 test",0.535,0.4480394240689835,0.4089135625345876,0.5399338739950744,1.0
"XGBoost, 2023 test",0.54,0.4518854670027475,0.41225467848615727,0.5449104394838741,1.0
"XGBoost, 2023 test",0.545,0.45574347784595626,0.4157455459531701,0.5498860492985442,1.0
"XGBoost, 2023 test",0.55,0.4596138296097839,0.41929721375633194,0.5548607099782314,1.0
"XGBoost, 2023 test",0.555,0.4634969008781221,0.42286506088795456,0.5598344280799568,1.0
"XGBoost, 2023 test",0.56,0.4673930761201555,0.4264539416447948,0.56480721018131,1.0
"XGBoost, 2023 test",0.5650000000000001,0.4713027460133644,0.4300593635301224,0.5697790628831869,1.0
"XGBoost, 2023 test",0.5700000000000001,0.47522630777777314,0.43368179695906983,0.5747499928125798,1.0
"XGBoost, 2023 test",0.5750000000000001,0.47916416552230096,0.43732172204342695,0.5797200066254209,1.0
"XGBoost, 2023 test",0.5800000000000001,0.4831167306041279,0.4409796290761946,0.5846891110094912,1.0
"XGBoost, 2023 test",0.585,0.4870844220020461,0.4446560190369816,0.5896573126873946,1.0
"XGBoost, 2023 test",0.59,0.491067666704823,0.4481371473814983,0.59462461841961,1.0
"XGBoost, 2023 test",0.595,0.49506690011567717,0.4517917317502348,0.5995910350076223,1.0
"XGBoost, 2023 test",0.6,0.49908256647403915,0.4555480644274522,0.6045565692971447,1.0
"Logistic regression, 2023 test",0.005,0.006054439206453834,0.005012297323734371,0.0069477526691219555,0.3070626374898692
"Logistic regression, 2023 test",0.01,0.01079172272737684,0.009809905025146629,0.012051979331050077,0.34977422716220913
"Logistic regression, 2023 test",0.015,0.015123961771157936,0.014064726476847401,0.017059441050627223,0.4107444714599977
"Logistic regression, 2023 test",0.02,0.01949616181269954,0.017984961574354325,0.022020878833241844,0.47537339353942343
"Logistic regression, 2023 test",0.025,0.02407386096856477,0.02242051510398139,0.02673412700728593,0.5007873104087067
"Logistic regression, 2023 test",0.030000000000000002,0.028912510146173652,0.027439832562349487,0.03142479187573403,0.5625101308324649
"Logistic regression, 2023 test",0.034999999999999996,0.03396189454879797,0.0323134295681337,0.03631980206346522,0.6075604955424337
"Logistic regression, 2023 test",0.04,0.039168514679669336,0.036700714808169735,0.041532907445179505,0.6365983559106171
"Logistic regression, 2023 test",0.045,0.04448943716114055,0.04101657406101268,0.047170075319540025,0.6578325807572074
"Logistic regression, 2023 test",0.049999999999999996,0.04988903945835527,0.04550382451301913,0.052948318777519154,0.6975222878314229
"Logistic regression, 2023 test",0.055,0.05533724976946709,0.05054133732114842,0.05864692538806843,0.7672687275674424
"Logistic regression, 2023 test",0.06,0.06080987655075063,0.056164350611575146,0.06430030208172467,0.770059048280653
"Logistic regression, 2023 test",0.065,0.06628894156037232,0.06196303110931583,0.06965149451301732,0.7700706263748986
"Logistic regression, 2023 test",0.07,0.07175930966233364,0.06779071954108251,0.0751246250875335,0.7700937825633901
"Logistic regression, 2023 test",0.07500000000000001,0.07720795019994951,0.07368100257839516,0.0808219321872708,0.8481532939678129
"Logistic regression, 2023 test",0.08,0.08262363072339278,0.07900972607239645,0.08605055533458601,0.8494500405233298
"Logistic regression, 2023 test",0.085,0.08799666604634052,0.08433974776563208,0.09193546677518523,0.8494847748060669
"Logistic regression, 2023 test",0.09000000000000001,0.09331870952211331,0.08938871246705753,0.0978825592168912,0.8494963529003126
"Logistic regression, 2023 test",0.095,0.09858257738255218,0.0938130559227517,0.1044661698520887,0.8514183165450967
"Logistic regression, 2023 test",0.1,0.10378209951012692,0.09824550490773644,0.11091336557013766,0.9001042028482111
"Logistic regression, 2023 test",0.10500000000000001,0.10891199169930794,0.10293501013121262,0.11719240931079472,0.9001273590367026
"Logistic regression, 2023 test",0.11,0.11396774562835357,0.10774813428296298,0.12337226372172468,0.9001273590367026
"Logistic regression, 2023 test",0.115,0.11894553359302308,0.11207328712638938,0.12939233338240191,0.9001389371309483
"Logistic regression, 2023 test",0.12000000000000001,0.123842125661227,0.11660713094798045,0.13503230639566785,0.9036818339701285
"Logistic regression, 2023 test",0.125,0.12865481736228135,0.12109191640765485,0.14030480013349178,0.9429547296514994
"Logistic regression, 2023 test",0.13,0.13338136637145656,0.12570256342252004,0.1452112978033574,0.9462660646057659
"Logistic regression, 2023 test",0.135,0.13801993691999434,0.13043050515367127,0.14991082501877345,0.9462892207942573
"Logistic regression, 2023 test",0.14,0.14256905087319663,0.13497679737904902,0.15402357503937197,0.9469028597892787
"Logistic regression, 2023 test",0.14500000000000002,0.1470344295197167,0.13950948370595603,0.15773096196501002,0.9599513720041681
"Logistic regression, 2023 test",0.15,0.15147159427227797,0.1443561811624741,0.1614736576100853,0.9649646868125507
"Logistic regression, 2023 test",0.155,0.1558935683267485,0.14867774005696485,0.16576761617112107,0.9649994210952877
"Logistic regression, 2023 test",0.16,0.16030117979653122,0.15309891678967041,0.16976849824724471,0.9650109991895334
"Logistic regression, 2023 test",0.165,0.16469520811408137,0.15714090496125313,0.17354288661699138,0.9660067152946625
"Logistic regression, 2023 test",0.17,0.16907638858955992,0.1610731330885772,0.17735307999031918,0.9661919648025935
"Logistic regression, 2023 test",0.17500000000000002,0.17344541642755257,0.1650057617742561,0.1819291523724477,0.9661919648025935
"Logistic regression, 2023 test",0.18000000000000002,0.17780295028028245,0.1693144719630497,0.18601034629990526,0.9661919648025935
"Logistic regression, 2023 test",0.185,0.1821496154025256,0.17358182064605532,0.19107580277983988,0.9693064721546834
"Logistic regression, 2023 test",0.19,0.18648600646274327,0.17670958074744775,0.19564372944182487,0.9754660182933889
"Logistic regression, 2023 test",0.195,0.19081269005624593,0.18054018346115383,0.20022787232050657,0.9754660182933889
"Logistic regression, 2023 test",0.2,0.1951302069590752,0.18439026775026626,0.2052109570548324,0.9754660182933889
"Logistic regression, 2023 test",0.20500000000000002,0.1994390741554326,0.1882375242924546,0.20953737438688827,0.9754775963876346
"Logistic regression, 2023 test",0.21000000000000002,0.20373978666662193,0.19207547437274158,0.21427853275308373,0.9754775963876346
"Logistic regression, 2023 test",0.215,0.20803281920544514,0.1959047320492158,0.2188828220178761,0.9760217668171819
"Logistic regression, 2023 test",0.22,0.21231862767661092,0.19954841736975468,0.22404695707362382,0.9809540349658447
"Logistic regression, 2023 test",0.225,0.21659765054089014,0.2027580298870694,0.22890025011284415,0.9809656130600903
"Logistic regression, 2023 test",0.23,0.22087031005836408,0.20595488514722435,0.2339814828400199,0.9819729072594651
"Logistic regression, 2023 test",0.23500000000000001,0.22513701342409018,0.2091334733444846,0.23907138209748421,0.9819729072594651
"Logistic regression, 2023 test",0.24000000000000002,0.2293981538077978,0.21298322307422504,0.2442265632683165,0.9819729072594651
"Logistic regression, 2023 test",0.245,0.23365411130775937,0.21670501406026849,0.24954475793358977,0.9819844853537107
"Logistic regression, 2023 test",0.25,0.23790525382773373,0.21973578405909971,0.2548653073615503,0.9819844853537107
"Logistic regression, 2023 test",0.255,0.242151937884799,0.22332522122434117,0.26018801299484645,0.9819960634479564
"Logistic regression, 2023 test",0.26,0.24639450935497006,0.2272092546446365,0.2655083469127112,0.996190806993169
"Logistic regression, 2023 test",0.265,0.25063330416269314,0.23020195522096046,0.27082280352559457,0.996190806993169
"Logistic regression, 2023 test",0.27,0.25486864891961525,0.23389287122757726,0.27613753001740177,0.996190806993169
"Logistic regression, 2023 test",0.275,0.25910086151742723,0.23738671687892357,0.28145352564388193,0.996190806993169
"Logistic regression, 2023 test",0.28,0.26333025167904756,0.24046593531032653,0.2869567313659941,0.996190806993169
"Logistic regression, 2023 test",0.28500000000000003,0.26755712147196253,0.2435182802127233,0.2925248255996594,0.996190806993169
"Logistic regression, 2023 test",0.29000000000000004,0.2717817657871284,0.24648393483816122,0.29757658144959004,0.996190806993169
"Logistic regression, 2023 test",0.295,0.27600447278649465,0.24944333213787864,0.30275706282486126,0.9966655088572421
"Logistic regression, 2023 test",0.3,0.2802255243218919,0.25239698159709756,0.3080935925738951,0.9966655088572421
"Logistic regression, 2023 test",0.305,0.2844451963277568,0.2553453792715146,0.31342359241229684,0.9966770869514878
"Logistic regression, 2023 test",0.31,0.2886637591899235,0.25828900871388677,0.318750626218579,0.9966886650457335
"Logistic regression, 2023 test",0.315,0.2928814780924933,0.2612283418415995,0.32407771566145144,0.9967002431399792
"Logistic regression, 2023 test",0.32,0.29709861334461196,0.2641638397504661,0.32940471435995605,0.9967118212342249
"Logistic regression, 2023 test",0.325,0.30131542068880207,0.2670959534794948,0.33473147843017204,0.9967118212342249
"Logistic regression, 2023 test",0.33,0.30553215159236174,0.27002588737031963,0.3400578663728323,0.9967118212342249
"Logistic regression, 2023 test",0.335,0.3097490535231934,0.2729571670530681,0.3453837389669648,0.9967118212342249
"Logistic regression, 2023 test",0.34,0.31396637021131557,0.2758863908926951,0.35070895916911526,0.9967118212342249
"Logistic regression, 2023 test",0.34500000000000003,0.3181843418971966,0.2788139760890786,0.3560333920177376,0.9967118212342249
"Logistic regression, 2023 test",0.35000000000000003,0.3224032055679578,0.28174033303318136,0.3612580981378248,0.9967233993284705
"Logistic regression, 2023 test",0.35500000000000004,0.3266231951824028,0.28466586585380454,0.366435566194629,0.9967233993284705
"Logistic regression, 2023 test",0.36,0.330844541885755,0.28759097293840785,0.37161108656709574,0.9982169734861642
"Logistic regression, 2023 test",0.365,0.3350674742149149,0.29051604743024967,0.37678460802406394,0.9982169734861642
"Logistic regression, 2023 test",0.37,0.33929221829498296,0.2934414777039192,0.38195558198147256,0.9982169734861642
"Logistic regression, 2023 test",0.375,0.34351899802774194,0.2963676478211764,0.3871204542946583,0.9982169734861642
"Logistic regression, 2023 test",0.38,0.3477480352727375,0.2992949379688651,0.39228315890543625,0.9982285515804099
"Logistic regression, 2023 test",0.385,0.35197955002155124,0.30222372488054555,0.3974436494923095,0.9982285515804099
"Logistic regression, 2023 test",0.39,0.35621376056581733,0.3051543822433655,0.40260188029754174,0.999629500984138
"Logistic regression, 2023 test",0.395,0.36045088365950045,0.3080872810915968,0.4077578061007262,0.999629500984138
"Logistic regression, 2023 test",0.4,0.3646911346759112,0.3110227901881632,0.41291138219336265,0.9996410790783837
"Logistic regression, 2023 test",0.405,0.36893472775991193,0.31396127639540905,0.4180625643543731,0.9996526571726294
"Logistic regression, 2023 test",0.41000000000000003,0.37318187597573416,0.3169031050362793,0.42321130882649227,0.9996526571726294
"Logistic regression, 2023 test",0.41500000000000004,0.37743279145080405,0.3198848931063936,0.428357572293467,0.9996526571726294
"Logistic regression, 2023 test",0.42000000000000004,0.38168768551595034,0.3228053651495138,0.43350131185801144,0.9996526571726294
"Logistic regression, 2023 test",0.425,0.38594676884234935,0.32574359987801965,0.4386424850204609,0.9996526571726294
"Logistic regression, 2023 test",0.43,0.390210251575544,0.3286982310556867,0.4437810496580761,0.9996526571726294
"Logistic regression, 2023 test",0.435,0.39447834346685234,0.33165799427313075,0.4489169640049466,0.9996526571726294
"Logistic regression, 2023 test",0.44,0.3987512540024753,0.334623252964109,0.45405018663244984,0.9999305314345259
"Logistic regression, 2023 test",0.445,0.40302919253059305,0.33759437136121967,0.4591806764302239,0.9999305314345259
"Logistic regression, 2023 test",0.45,0.4073123683867305,0.3405717148166674,0.46430839258760753,0.9999305314345259
"Logistic regression, 2023 test",0.455,0.411600991017664,0.3435556501218015,0.46943329457551736,0.9999305314345259
"Logistic regression, 2023 test",0.46,0.41589527010412825,0.3465465458262133,0.474555342128715,0.9999305314345259
"Logistic regression, 2023 test",0.465,0.4201954156825806,0.34954477255717425,0.4797784130973559,0.9999305314345259
"Logistic regression, 2023 test",0.47000000000000003,0.4245016382662697,0.352550703340181,0.48495753994285856,0.9999305314345259
"Logistic regression, 2023 test",0.47500000000000003,0.4288141489658499,0.3555647139213756,0.49022998403396995,0.9999305314345259
"Logistic regression, 2023 test",0.48000000000000004,0.4331331596097829,0.358587183092601,0.495505282439097,0.9999305314345259
"Logistic regression, 2023 test",0.485,0.43745888286476003,0.36161849301986476,0.5007773552956261,0.9999305314345259
"Logistic regression, 2023 test",0.49,0.4417915323563797,0.3646590295759791,0.5060460903433368,0.9999305314345259
"Logistic regression, 2023 test",0.495,0.44613132279031353,0.3677091826781649,0.5113113757482755,0.9999305314345259
"Logistic regression, 2023 test",0.5,0.450478470074191,0.37076934663141436,0.5165731000654757,0.9999305314345259
"Logistic regression, 2023 test",0.505,0.4548331914404405,0.3738399204784297,0.5218311522019463,0.9999305314345259
"Logistic regression, 2023 test",0.51,0.4591957055703168,0.37692130835697046,0.527085421379861,0.9999305314345259
"Logistic regression, 2023 test",0.515,0.46356623271935743,0.38001391986547395,0.5323357970998821,0.9999305314345259
"Logistic regression, 2023 test",0.52,0.46794499484450786,0.38311817043783636,0.5375821691045561,0.9999305314345259
"Logistic regression, 2023 test",0.525,0.47233221573316175,0.38623448172827957,0.5428244273417105,0.9999305314345259
"Logistic regression, 2023 test",0.53,0.47672812113437,0.38936328200726283,0.5480624619277902,0.9999305314345259
"Logistic regression, 2023 test",0.535,0.4811329388924784,0.3925050065694471,0.5532954388572131,0.9999305314345259
"Logistic regression, 2023 test",0.54,0.48554689908345805,0.3956600981547574,0.5585173288779309,0.9999305314345259
"Logistic regression, 2023 test",0.545,0.48997023415421165,0.3988290073836532,0.5637346927092184,0.9999305314345259
"Logistic regression, 2023 test",0.55,0.49440317906513365,0.4020121932077664,0.568947424179972,0.9999305314345259
"Logistic regression, 2023 test",0.555,0.49884597143623155,0.4052101233771328,0.574155417099472,0.9999305314345259
"Logistic regression, 2023 test",0.56,0.5032988516971155,0.4084232749253193,0.5793585652197869,0.9999305314345259
"Logistic regression, 2023 test",0.5650000000000001,0.5077620632411814,0.4116521346738192,0.5845567621976416,0.9999305314345259
"Logistic regression, 2023 test",0.5700000000000001,0.5122358525843335,0.4148971997571831,0.589749901555672,0.9999305314345259
"Logistic regression, 2023 test",0.5750000000000001,0.516720469528603,0.4181589781704377,0.5949378766429861,0.9999305314345259
"Logistic regression, 2023 test",0.5800000000000001,0.5212161673310435,0.42143798934045684,0.6001205805949532,0.9999305314345259
"Logistic regression, 2023 test",0.585,0.5257232028783034,0.4247347647230579,0.6052979062921316,0.9999305314345259
"Logistic regression, 2023 test",0.59,0.5302418368673013,0.42804984842772303,0.6104697463182521,0.9999305314345259
"Logistic regression, 2023 test",0.595,0.5347723339924517,0.43138379787198,0.6156359929171553,0.9999305314345259
"Logistic regression, 2023 test",0.6,0.5393149631399201,0.43473718446762805,0.6207965379485915,0.9999305314345259
"XGBoost, BRFSS 2024",0.005,0.005836442573067765,0.005134691918813797,0.006262315621131914,0.18446225269498354
"XGBoost, BRFSS 2024",0.01,0.012454313942403386,0.011411381237072513,0.013005123248883055,0.2965884730545485
"XGBoost, BRFSS 2024",0.015,0.01805025397835201,0.01704878802010115,0.018676825876084102,0.42961917328996224
"XGBoost, BRFSS 2024",0.02,0.022786557924731714,0.022012374153713394,0.02373277537162375,0.5109552889188941
"XGBoost, BRFSS 2024",0.025,0.026951974954892845,0.02611250173970162,0.02820574349615501,0.5285850185656857
"XGBoost, BRFSS 2024",0.030000000000000002,0.030889247518180306,0.029963690430535036,0.03231193013393685,0.5286025540421465
"XGBoost, BRFSS 2024",0.034999999999999996,0.034811465287039864,0.03382352914227932,0.03636810538186205,0.6118325011288464
"XGBoost, BRFSS 2024",0.04,0.03884981678898139,0.0378270996306048,0.04052735979308046,0.6118412688670767
"XGBoost, BRFSS 2024",0.045,0.043093049594416066,0.042061844284311097,0.0448082956227272,0.6412110000043839
"XGBoost, BRFSS 2024",0.049999999999999996,0.04760719674225937,0.046587810769903995,0.049440855366871955,0.6869829774362257
"XGBoost, BRFSS 2024",0.055,0.05244583792576602,0.05133628100681638,0.054191567506255305,0.6869961290435713
"XGBoost, BRFSS 2024",0.06,0.05765566792241877,0.05648368373364449,0.05935445887381373,0.710235019223266
"XGBoost, BRFSS 2024",0.065,0.06326998314758436,0.06198160192886935,0.06469086251602858,0.7727511847406284
"XGBoost, BRFSS 2024",0.07,0.0692425589881188,0.06790934312267867,0.07072766126208412,0.7810103941536721
"XGBoost, BRFSS 2024",0.07500000000000001,0.0754938944302443,0.07407500240756548,0.07678511103275001,0.7810454651065938
"XGBoost, BRFSS 2024",0.08,0.0819495495534554,0.08040239609948768,0.08332816360817949,0.8784791481265536
"XGBoost, BRFSS 2024",0.085,0.08853906255673527,0.08667320855423961,0.0902456106458729,0.8785010674721295
"XGBoost, BRFSS 2024",0.09000000000000001,0.09519555825199105,0.09287202161538005,0.09718022703623037,0.8785186029485904
"XGBoost, BRFSS 2024",0.095,0.10185582572213206,0.09896810759151185,0.10402466495507985,0.8961571003336124
"XGBoost, BRFSS 2024",0.1,0.10846058845281548,0.10507966386129554,0.11078332410325281,0.8961571003336124
"XGBoost, BRFSS 2024",0.10500000000000001,0.11495481548149414,0.11117244290717282,0.11732203960266212,0.8961636761372852
"XGBoost, BRFSS 2024",0.11,0.12128799279065818,0.11733532008209226,0.1236371174884304,0.9196897097440259
"XGBoost, BRFSS 2024",0.115,0.12741431573576784,0.12337271467259704,0.12970874111751884,0.9212854381019601
"XGBoost, BRFSS 2024",0.12000000000000001,0.13329278824113355,0.12931102915691628,0.13570187921598095,0.9212898219710752
"XGBoost, BRFSS 2024",0.125,0.13888722937353762,0.13482951963313977,0.14121789762738005,0.9274973806382036
"XGBoost, BRFSS 2024",0.13,0.14416619640136735,0.14019190896982334,0.1466311843430933,0.9342682664866357
"XGBoost, BRFSS 2024",0.135,0.14910283779538605,0.14515372937009113,0.15186377513368465,0.9342770342248662
"XGBoost, BRFSS 2024",0.14,0.15367487870002158,0.14967106421759155,0.1567329978656038,0.9503263790556269
"XGBoost, BRFSS 2024",0.14500000000000002,0.15805541237211634,0.15447955653681728,0.16150411972572104,0.9503307629247422
"XGBoost, BRFSS 2024",0.15,0.16240889304444833,0.1589124147009948,0.1659550856333802,0.9503329548592997
"XGBoost, BRFSS 2024",0.155,0.1667367241587548,0.16356351725870186,0.17048952787542543,0.9503417225975301
"XGBoost, BRFSS 2024",0.16,0.17104021766163813,0.16798487422374472,0.17493877590541893,0.9606613504947197
"XGBoost, BRFSS 2024",0.165,0.17532060303103952,0.1722074883059084,0.1792401259577325,0.9606613504947197
"XGBoost, BRFSS 2024",0.17,0.17957903517629273,0.17640927158257153,0.18332010690416906,0.9606613504947197
"XGBoost, BRFSS 2024",0.17500000000000002,0.18381660138178374,0.18059009051988567,0.18742035234634605,0.9606613504947197
"XGBoost, BRFSS 2024",0.18000000000000002,0.1880343274344517,0.18455923368791616,0.19168145067053946,0.9606613504947197
"XGBoost, BRFSS 2024",0.185,0.19223318305147333,0.18862682517778603,0.1959010356956512,0.9606613504947197
"XGBoost, BRFSS 2024",0.19,0.19641408670519794,0.1927161725150642,0.20010565624022775,0.96534989851343
"XGBoost, BRFSS 2024",0.195,0.2005779099267369,0.19678910497165442,0.20437465132710034,0.9653915452700245
"XGBoost, BRFSS 2024",0.2,0.20472548115681738,0.200849568307014,0.20871469508656224,0.9654222323538308
"XGBoost, BRFSS 2024",0.20500000000000002,0.20885758920199943,0.20489802944056645,0.2131512761389005,0.9671735880653547
"XGBoost, BRFSS 2024",0.21000000000000002,0.212974986345667,0.20885970667515763,0.21757920700328995,0.97239696811612
"XGBoost, BRFSS 2024",0.215,0.21707839115600155,0.21269758558349014,0.22195433443950838,0.9723991600506775
"XGBoost, BRFSS 2024",0.22,0.22116849102712757,0.21669400563685232,0.2263953389624046,0.9724013519852351
"XGBoost, BRFSS 2024",0.225,0.22524594448458538,0.22045036476080881,0.23073125831748784,0.9724013519852351
"XGBoost, BRFSS 2024",0.23,0.22931138328204537,0.22411745371133268,0.2350052777474338,0.9724013519852351
"XGBoost, BRFSS 2024",0.23500000000000001,0.23336541431259708,0.22802241910568907,0.23954002588094442,0.9842728695492068
"XGBoost, BRFSS 2024",0.24000000000000002,0.23740862135490443,0.23175457347782574,0.24390461413232906,0.9921243791345365
"XGBoost, BRFSS 2024",0.245,0.24144156667193542,0.2354080833959371,0.2482565397124286,0.9921243791345365
"XGBoost, BRFSS 2024",0.25,0.24546479247776226,0.23914973610671467,0.25259952123809426,0.9921747936293615
"XGBoost, BRFSS 2024",0.255,0.24947882228603158,0.2428883420122313,0.2569339878529523,0.9921747936293615
"XGBoost, BRFSS 2024",0.26,0.25348416215207487,0.2466150469563076,0.26126035488918314,0.9921747936293615
"XGBoost, BRFSS 2024",0.265,0.25748130181922557,0.25032998226530906,0.2655790247417255,0.9921747936293615
"XGBoost, BRFSS 2024",0.27,0.2614707157786865,0.25403678463191265,0.26989038767758244,0.992176985563919
"XGBoost, BRFSS 2024",0.275,0.2654528642512392,0.2577359700195286,0.27419482258636024,0.9921813694330343
"XGBoost, BRFSS 2024",0.28,0.2694281940981662,0.2613842443904066,0.27849269767749685,0.9921835613675918
"XGBoost, BRFSS 2024",0.28500000000000003,0.27339713966795476,0.2649915322878039,0.2827843711290481,0.9921835613675918
"XGBoost, BRFSS 2024",0.29000000000000004,0.2773601235846492,0.2684900155985121,0.28707019169238657,0.9921857533021494
"XGBoost, BRFSS 2024",0.295,0.28131755748310205,0.2719655667566416,0.29135049925671475,0.9921857533021494
"XGBoost, BRFSS 2024",0.3,0.28526984269583866,0.2756541828593402,0.2956256253768959,0.9942812427392168
"XGBoost, BRFSS 2024",0.305,0.2892173708957637,0.27933823003885827,0.29989589376775677,0.9942812427392168
"XGBoost, BRFSS 2024",0.31,0.2931605246985318,0.28293323195869985,0.3041616207677045,0.9942812427392168
"XGBoost, BRFSS 2024",0.315,0.29709967822801475,0.286506718198935,0.30850718767108853,0.9942812427392168
"XGBoost, BRFSS 2024",0.32,0.3010351976479876,0.29007622557188883,0.3129339546023863,0.9942878185428896
"XGBoost, BRFSS 2024",0.325,0.3049674416628436,0.2936421701811321,0.3173573458147837,0.9942878185428896
"XGBoost, BRFSS 2024",0.33,0.30889676198990673,0.29720495976656547,0.3214917106505712,0.9942900104774471
"XGBoost, BRFSS 2024",0.335,0.31282350380565965,0.30076499426726955,0.3256159904253647,0.994500436194977
"XGBoost, BRFSS 2024",0.34,0.31674800616801696,0.3043226663538115,0.3297334932121737,0.9945113958677649
"XGBoost, BRFSS 2024",0.34500000000000003,0.3206706024165686,0.30787836193253687,0.3339197641492648,0.9945267394096682
"XGBoost, BRFSS 2024",0.35000000000000003,0.32459162055257224,0.3114324606241593,0.33824067642607697,0.9945464668206866
"XGBoost, BRFSS 2024",0.35500000000000004,0.328511383600308,0.31498533621876346,0.3426250604567232,0.994555234558917
"XGBoost, BRFSS 2024",0.36,0.3324302099512891,0.31853735710916403,0.3470085404017432,0.9945683861662626
"XGBoost, BRFSS 2024",0.365,0.3363484136926906,0.3220888867044025,0.3513913298834699,0.9969751303105094
"XGBoost, BRFSS 2024",0.37,0.3402663049212612,0.3256402838250247,0.3557736398113995,0.9969817061141822
"XGBoost, BRFSS 2024",0.375,0.3441841900438778,0.3291919030816556,0.36015567856062564,0.9969926657869702
"XGBoost, BRFSS 2024",0.38,0.3481023720658207,0.3327440952382726,0.3645376521428849,0.9970058173943159
"XGBoost, BRFSS 2024",0.385,0.3520211508677645,0.3362972075614754,0.36881846704118104,0.9970058173943159
"XGBoost, BRFSS 2024",0.39,0.35594082347241407,0.3398515841569612,0.373079015080701,0.9970167770671039
"XGBoost, BRFSS 2024",0.395,0.35986168430164206,0.3434075662943267,0.37733956390944684,0.9970233528707767
"XGBoost, BRFSS 2024",0.4,0.3637840254249384,0.3469654927212471,0.3816003465800844,0.9970343125435647
"XGBoost, BRFSS 2024",0.405,0.36770813679991776,0.3505256999680143,0.38586159415614596,0.9970365044781223
"XGBoost, BRFSS 2024",0.41000000000000003,0.3716343065055951,0.35408852264335466,0.3901235358833219,0.99703869641268
"XGBoost, BRFSS 2024",0.41500000000000004,0.37556282096908783,0.35765429372239355,0.39438639935552905,0.9970452722163528
"XGBoost, BRFSS 2024",0.42000000000000004,0.37949396518637163,0.36122334482758595,0.3986504106762028,0.9999452016360599
"XGBoost, BRFSS 2024",0.425,0.3834280229376784,0.3647960065033885,0.40291579461523486,0.9999452016360599
"XGBoost, BRFSS 2024",0.43,0.3873652769980972,0.3683726084854089,0.40718277476195525,0.9999452016360599
"XGBoost, BRFSS 2024",0.435,0.3913060093439095,0.37195347996473566,0.41145157367453944,0.9999452016360599
"XGBoost, BRFSS 2024",0.44,0.3952505013551656,0.3755389498481191,0.41572241302619434,0.9999452016360599
"XGBoost, BRFSS 2024",0.445,0.3991990340149906,0.3791293470146521,0.4199955137484748,0.9999452016360599
"XGBoost, BRFSS 2024",0.45,0.4031518881060827,0.3827250005695678,0.4242710961720491,0.9999452016360599
"XGBoost, BRFSS 2024",0.455,0.40710934440485974,0.38632624009576444,0.42854938016523697,0.9999452016360599
"XGBoost, BRFSS 2024",0.46,0.4110716838736825,0.3899333959036347,0.4328305852706183,0.9999473935706176
"XGBoost, BRFSS 2024",0.465,0.41503918785158556,0.3935467992797792,0.43713842654074564,0.9999495855051752
"XGBoost, BRFSS 2024",0.47000000000000003,0.41901213824392297,0.3971667827351605,0.44147883721905806,0.9999495855051752
"XGBoost, BRFSS 2024",0.47500000000000003,0.4229908177113387,0.4007936802532528,0.44582296811792216,0.9999495855051752
"XGBoost, BRFSS 2024",0.48000000000000004,0.42697550985845517,0.40442782753873274,0.4501710255698539,0.9999495855051752
"XGBoost, BRFSS 2024",0.485,0.43096649942267873,0.4080695622672563,0.45452321624068204,0.9999495855051752
"XGBoost, BRFSS 2024",0.49,0.4349640724635086,0.4117192243368633,0.458879747249292,0.9999517774397327
"XGBoost, BRFSS 2024",0.495,0.4389685165527428,0.4153771561215551,0.46324082628736124,0.9999517774397327
"XGBoost, BRFSS 2024",0.5,0.44298012096596584,0.4190437027275924,0.4676066617393174,0.9999517774397327
"XGBoost, BRFSS 2024",0.505,0.4469991768757172,0.4227192122530691,0.4719774628027551,0.9999517774397327
"XGBoost, BRFSS 2024",0.51,0.4510259775467304,0.426404036051325,0.47635343960954224,0.9999517774397327
"XGBoost, BRFSS 2024",0.515,0.4550608185336468,0.43009852899877277,0.4807348033478521,0.9999517774397327
"XGBoost, BRFSS 2024",0.52,0.45910399788161416,0.43380304976772627,0.4851217663853602,0.9999517774397327
"XGBoost, BRFSS 2024",0.525,0.46315581633018243,0.43751796110483815,0.48951454239384334,0.9999517774397327
"XGBoost, BRFSS 2024",0.53,0.46721657752093204,0.4412436301157684,0.49391334647543045,0.9999517774397327
"XGBoost, BRFSS 2024",0.535,0.47128658820926933,0.4449804285567315,0.4983183952907534,0.9999517774397327
"XGBoost, BRFSS 2024",0.54,0.4753661584808484,0.4487287331335921,0.5027299071892557,0.9999517774397327
"XGBoost, BRFSS 2024",0.545,0.4794556019730905,0.4524889258092123,0.5071481023419275,0.9999517774397327
"XGBoost, BRFSS 2024",0.55,0.48355523610229023,0.45626139411977584,0.5115732028767361,0.9999517774397327
"XGBoost, BRFSS 2024",0.555,0.48766538229682366,0.46004653150086083,0.5160054330170393,0.9999517774397327
"XGBoost, BRFSS 2024",0.56,0.4917863662369917,0.46384473762406125,0.5204450192232789,0.9999517774397327
"XGBoost, BRFSS 2024",0.5650000000000001,0.4959185181020596,0.46765641874500835,0.5248921903382578,0.9999517774397327
"XGBoost, BRFSS 2024",0.5700000000000001,0.5000621728250849,0.4714819880636849,0.5293471777363277,0.9999539693742904
"XGBoost, BRFSS 2024",0.5750000000000001,0.5042176703561562,0.4753218660979796,0.533810215476825,0.9999583532434055
"XGBoost, BRFSS 2024",0.5800000000000001,0.508385355934696,0.47917648107148664,0.5382815404621089,0.9999583532434055
"XGBoost, BRFSS 2024",0.585,0.5125655803715318,0.48304277348911023,0.5427613926005794,0.9999583532434055
"XGBoost, BRFSS 2024",0.59,0.5167587003414629,0.4868918519605022,0.5472500149750711,0.9999583532434055
"XGBoost, BRFSS 2024",0.595,0.5209650786871194,0.4907568423011044,0.5517476540170414,0.9999583532434055
"XGBoost, BRFSS 2024",0.6,0.5251850847349392,0.4946382121276381,0.5562545596870017,0.9999583532434055
