dimension,group,n,cases,prevalence,roc_auc,roc_auc_lo,roc_auc_hi,observed_over_expected,sensitivity,specificity,ppv,flagged_share
All,All,86370,3670,0.042491605881671876,0.8108732492281943,0.8049543889697416,0.8169606688729755,1.0120367768630851,0.6098092643051771,0.8203385731559855,0.13090781469349555,0.1979390992242677
Sex,Female,45623,1929,0.042281305481884135,0.8063863862310446,0.7967412448532685,0.8156074896787008,0.9799811406286191,0.6168999481596682,0.8131093513983614,0.1271911073108166,0.20507200315630275
Sex,Male,40747,1741,0.04272707193167595,0.8162909840259924,0.8061997838893373,0.8246732872890696,1.0500949055299786,0.6019529006318208,0.8284366507716762,0.13540051679586562,0.1899526345497828
Age,18-44,25860,257,0.009938128383604021,0.7944632278774479,0.7635982812744601,0.8241836481724594,1.3571409391575746,0.20622568093385213,0.9875795805179081,0.14285714285714285,0.014346481051817479
Age,45-64,28061,1021,0.036385018352874096,0.8146794895942601,0.8016735869608977,0.8283974124672605,0.9979436305159289,0.5475024485798237,0.8737795857988165,0.1407351460221551,0.14154876875378639
Age,65-79,24706,1608,0.06508540435521736,0.720287131534293,0.7076162832281699,0.7336261533899607,0.9688460673018986,0.6361940298507462,0.6924409039743701,0.1258767072720561,0.3289484335788877
Age,80 (top-coded),7743,784,0.1012527444143097,0.6468490920581482,0.626001262281066,0.667351370345442,1.0395510234673324,0.7691326530612245,0.4218996982325046,0.1303501945525292,0.5974428516079039
Race and ethnicity,"White, non-Hispanic",64096,2797,0.04363766849725412,0.8027920552804981,0.7959021179212781,0.8099652393774237,1.0083849259369688,0.5988559170539864,0.8141731512748984,0.1281953160875555,0.20385047428856715
Race and ethnicity,"Black, non-Hispanic",6754,364,0.053893988747408944,0.8161640784880222,0.7977603277142502,0.8348097663830827,1.0832483127480224,0.7087912087912088,0.7630672926447575,0.1455981941309255,0.2623630441220018
Race and ethnicity,Hispanic,8552,235,0.027478952291861553,0.8194441530932542,0.7904230431760161,0.8476549465122402,0.9701583051897369,0.5276595744680851,0.8922688469400024,0.12156862745098039,0.11927034611786716
Race and ethnicity,"Asian, non-Hispanic",2442,57,0.02334152334152334,0.8525616977454118,0.797794049522002,0.9030903201148133,1.0821260073611774,0.5087719298245614,0.9215932914046121,0.13425925925925927,0.08845208845208845
Race and ethnicity,"AI/AN, non-Hispanic",1399,73,0.05218012866333095,0.790894439967768,0.7384652387540095,0.8341549462021864,0.98517882134969,0.684931506849315,0.773001508295626,0.14245014245014245,0.25089349535382416
Race and ethnicity,"Other or multiracial, non-Hispanic",3127,144,0.04605052766229613,0.8422356315416993,0.8086481914573288,0.869619595885378,0.9757345277279728,0.7083333333333334,0.8092524304391552,0.15201192250372578,0.21458266709306045
Household income,"< $25,000",10071,877,0.08708171978949458,0.7660502027870538,0.7525937427732878,0.7819770208312266,1.093841989392478,0.7970353477765109,0.593865564498586,0.1576810286487706,0.44017475920961174
Household income,"$25,000-49,999",16906,929,0.05495090500414054,0.7772279689189916,0.7646207966493315,0.7911114457483817,0.9662237778055099,0.6835306781485468,0.7135882831570383,0.12185760890424104,0.3082337631610079
Household income,"$50,000-99,999",21470,700,0.032603632976245925,0.7930652383245065,0.7786859811483691,0.8086517193626321,0.9718185119862874,0.45714285714285713,0.876697159364468,0.11107254425546685,0.13418723800652071
Household income,">= $100,000",20743,396,0.019090777611724438,0.7949322933964406,0.7730287261412698,0.8171842630230027,1.0437794983495094,0.2702020202020202,0.957979063252568,0.11122661122661123,0.04637709106686593
Household income,Missing,17180,768,0.04470314318975553,0.8097308911416444,0.7947839685807796,0.823503060196011,1.0059927129336288,0.62109375,0.8091640263222033,0.13216957605985039,0.210069848661234
Education,Less than high school,4912,322,0.06555374592833876,0.8032040352372832,0.7808942167396373,0.8237259852851774,0.970042843678599,0.7857142857142857,0.6742919389978214,0.14473684210526316,0.3558631921824104
Education,High school graduate,21286,1155,0.05426101663064925,0.8070330030938048,0.7960790243944378,0.8181158394285433,1.0570457357268894,0.6917748917748918,0.7546569966717998,0.13924712443360054,0.2695668514516584
Education,Some college,22791,1077,0.04725549559036462,0.7953928845738246,0.7833336832072821,0.8069090719938182,1.0055991081402402,0.6295264623955432,0.7913327806944828,0.13015933960453063,0.2285551314115221
Education,College graduate,36914,1097,0.02971772227339221,0.805421532922,0.7925420002260005,0.8173477342280846,0.9859624828466316,0.45031905195989064,0.8930116983555295,0.11419325011558021,0.11719130953025952
Education,Missing,467,19,0.04068522483940043,0.8973214285714286,0.8403101115871808,0.9503031228934025,1.0487442111112342,0.7368421052631579,0.8638392857142857,0.18666666666666668,0.16059957173447537
